-- phpMyAdmin SQL Dump
-- version 4.6.5.2
-- https://www.phpmyadmin.net/
--
-- Host: 127.0.0.1
-- Generation Time: Dec 11, 2018 at 06:53 AM
-- Server version: 10.1.21-MariaDB
-- PHP Version: 5.6.30

SET SQL_MODE = "NO_AUTO_VALUE_ON_ZERO";
SET time_zone = "+00:00";


/*!40101 SET @OLD_CHARACTER_SET_CLIENT=@@CHARACTER_SET_CLIENT */;
/*!40101 SET @OLD_CHARACTER_SET_RESULTS=@@CHARACTER_SET_RESULTS */;
/*!40101 SET @OLD_COLLATION_CONNECTION=@@COLLATION_CONNECTION */;
/*!40101 SET NAMES utf8mb4 */;

--
-- Database: `company`
--
CREATE DATABASE IF NOT EXISTS `company` DEFAULT CHARACTER SET latin1 COLLATE latin1_swedish_ci;
USE `company`;

-- --------------------------------------------------------

--
-- Table structure for table `customer`
--

CREATE TABLE `customer` (
  `CUST_ID` int(11) NOT NULL,
  `ANNUAL_REVENUE` int(11) DEFAULT '20000',
  `CUST_TYPE` varchar(255) DEFAULT NULL
) ENGINE=InnoDB DEFAULT CHARSET=latin1;

-- --------------------------------------------------------

--
-- Table structure for table `dept`
--

CREATE TABLE `dept` (
  `DEPTNO` int(11) NOT NULL,
  `DNAME` varchar(255) DEFAULT NULL,
  `LOC` varchar(255) DEFAULT NULL
) ENGINE=InnoDB DEFAULT CHARSET=latin1;

--
-- Dumping data for table `dept`
--

INSERT INTO `dept` (`DEPTNO`, `DNAME`, `LOC`) VALUES
(10, 'ACCOUNTING', 'NEWYORK'),
(20, 'RESEARCH', 'DALLAS'),
(30, 'SALES', 'CHICAGO'),
(40, 'OPERATIONS', 'BOSTON');

-- --------------------------------------------------------

--
-- Table structure for table `emp`
--

CREATE TABLE `emp` (
  `EMPNO` int(11) NOT NULL,
  `ENAME` varchar(255) DEFAULT NULL,
  `JOB` varchar(255) DEFAULT NULL,
  `MGR` int(11) DEFAULT NULL,
  `HIREDATE` date DEFAULT NULL,
  `SAL` int(11) DEFAULT NULL,
  `COMM` int(11) DEFAULT NULL,
  `DEPTNO` int(11) DEFAULT NULL
) ENGINE=InnoDB DEFAULT CHARSET=latin1;

--
-- Dumping data for table `emp`
--

INSERT INTO `emp` (`EMPNO`, `ENAME`, `JOB`, `MGR`, `HIREDATE`, `SAL`, `COMM`, `DEPTNO`) VALUES
(7369, 'SMITH', 'CLERK', 7902, '1980-12-17', 800, NULL, 20),
(7499, 'ALLEN', 'SALESMAN', 7698, '1981-02-20', 1600, 300, 30),
(7521, 'WARD', 'SALESMAN', 7698, '1981-02-22', 1250, 500, 30),
(7566, 'JONES', 'MANAGER', 7839, '1981-04-02', 2975, NULL, 20),
(7654, 'MARTIN', 'SALESMAN', 7698, '1981-09-28', 1250, 1400, 30),
(7698, 'BLAKE', 'MANAGER', 7839, '1981-05-01', 2850, NULL, 30),
(7782, 'CLARKE', 'MANAGER', 7839, '1981-06-09', 2450, NULL, 30),
(7788, 'SCOTT', 'ANALYST', 7566, '1981-12-09', 3000, NULL, 20),
(7839, 'KING', 'PRESIDENT', NULL, '1981-11-17', 5000, NULL, 10),
(7844, 'TURNER', 'SALESMAN', 7698, '1981-09-08', 1500, 0, 30),
(7876, 'ADAMS', 'CLERK', 7788, '1983-01-12', 1100, NULL, 20),
(7900, 'JAMES', 'CLERK', 7698, '1981-12-03', 950, NULL, 30),
(7902, 'FORD', 'ANALYST', 7566, '1981-12-04', 3000, NULL, 20),
(7934, 'MILLER', 'CLERK', 7782, '1982-01-23', 1300, NULL, 10);

-- --------------------------------------------------------

--
-- Table structure for table `image`
--

CREATE TABLE `image` (
  `image` blob,
  `name` varchar(255) DEFAULT NULL
) ENGINE=InnoDB DEFAULT CHARSET=latin1;

--
-- Dumping data for table `image`
--

INSERT INTO `image` (`image`, `name`) VALUES
(0xffd8ffe000104a46494600010201004800480000ffe1100f4578696600004d4d002a000000080007011200030000000100010000011a00050000000100000062011b0005000000010000006a012800030000000100020000013100020000001c0000007201320002000000140000008e8769000400000001000000a4000000d0000afc8000002710000afc800000271041646f62652050686f746f73686f70204353332057696e646f777300323031373a30353a32352031313a30333a33380000000003a00100030000000100010000a002000400000001000000ffa003000400000001000001230000000000000006010300030000000100060000011a0005000000010000011e011b0005000000010000012601280003000000010002000002010004000000010000012e020200040000000100000ed90000000000000048000000010000004800000001ffd8ffe000104a46494600010200004800480000ffed000c41646f62655f434d0001ffee000e41646f626500648000000001ffdb0084000c08080809080c09090c110b0a0b11150f0c0c0f1518131315131318110c0c0c0c0c0c110c0c0c0c0c0c0c0c0c0c0c0c0c0c0c0c0c0c0c0c0c0c0c0c0c0c0c0c010d0b0b0d0e0d100e0e10140e0e0e14140e0e0e0e14110c0c0c0c0c11110c0c0c0c0c0c110c0c0c0c0c0c0c0c0c0c0c0c0c0c0c0c0c0c0c0c0c0c0c0c0c0c0c0cffc000110800a0008c03012200021101031101ffdd00040009ffc4013f0000010501010101010100000000000000030001020405060708090a0b0100010501010101010100000000000000010002030405060708090a0b1000010401030204020507060805030c33010002110304211231054151611322718132061491a1b14223241552c16233347282d14307259253f0e1f163733516a2b283264493546445c2a3743617d255e265f2b384c3d375e3f3462794a485b495c4d4e4f4a5b5c5d5e5f55666768696a6b6c6d6e6f637475767778797a7b7c7d7e7f711000202010204040304050607070605350100021103213112044151617122130532819114a1b14223c152d1f0332462e1728292435315637334f1250616a2b283072635c2d2449354a317644555367465e2f2b384c3d375e3f34694a485b495c4d4e4f4a5b5c5d5e5f55666768696a6b6c6d6e6f62737475767778797a7b7c7ffda000c03010002110311003f00f554924925292492494a4924925292492494a4924925292492494a4924925292492494a49249253fffd0f554924925292492494a492492529255b3fa86174dc4b7373ae6d18f4b4becb1dd80fdd68f73ddfbac67bdeb98e97fe34fea9e7c8b6db301d30064b3da7febb41bea6ffd71f5a4a7b0490717331332a17625d5e45478b2a707b7fce617351925292492494a4924925292492494a49249253fffd1f554924925292492494a5e71fe35feb4dd82ec6e91857dd4d9b4e4659c771adc5866bc7a5d7567735b645d65acfdcad8bd1d7ce9f5abaa3babf5dea5d41cedcdbae78a88d07a55fe83186dff0089ada929eafeb5fd4ee8bf56fa153957d96751eaf9cf1552f738b6a612d75b65edac7e9ae654c1ed65f9166fb1ecdfecfd1ac4e93d03acf59a321dd26dab2b22876ebfa6d915d9b5d0caefc77bff0041755edd8ffd255652ff00fad2ed7fc6951ea7d5ce8b9a27755732bf95d4bf5ff3ea62c4ff001726ba3eb5e23ea79dd974e457637b406b2f8ff3a9494f29f69cfe8f9a5963327a4675704b5a5f53ff0092edbec7398e5e8ffe2ebebd5f9d94ee91d6733ed175d1fb3ed7321ce2d0f75f45d633d9bb6b5afa37b7dffa6fd27f34b0ff00c73f52bedeb58bd337ce363e3b6ed800916d8eb18e76efa5fccd75acdfabd8f563743e9df5969a76dfd37aa8c6c978dc5b6d6f6d77d36de1cf736bb29bdccc7dd432adf559fa4494fb9a4a9747ead8dd5f0199b8da35c4b5ec3cb1ed3b6cadff00d572ba9294924924a5249249294924924a7fffd2f55492517bdac639ef3b5ad04b89e001ca4a791fae9fe3028fabeffb06056dcbea901d635c4fa5435c26b393b3deeb6dff00058ccf7fa7fa5fd1fe8bd6e2c7f8cbfae191639c2fc7a9adfa6dae89689fa2ddd6bed76efe42e7f36cc8ccc8b73f2c16bf29efc83a899b49b5ef89f6ecadccc7a9aefccff8c57ba387515576555b0bcb3d51bc1d1d6bdd5d6f6ed2df7fd9e9ff00c1d24d3a999f5fbebab8068b1d8f0352ca2b6b8ff5bed02cdbff006db172058c6ea7149efa89055fc9fb4fa8ff00b449717192776bff0045c93769aceb27691c9d3fe8a4846eeadd4f3eec6c0cac9c8762b9ed1e8d8fb0d4d0cfa05b5db63dbfa3fcc45398fe9a2ac8c3becc6cba6c7b7d5646e6e86b76dddfbccfa4a2c7b0df43ddb4368064130498d36a1bb21a2c1735db8bb4787413a8e5dff53bd2521cfcd7f53c8395d4321d9590e01a6db87ba1a21a3d9fbaa74755cfa300f44a32c7ecdccb9aebb145621cf9addea7aaf67abed7d14ff84fcc4d7558aef703f48ced25ba28369c7f56a756d0d735ed76e91f9baba1253bbf57feba757fab9eb8c715db45f6075955e1db7701e9b9f5baa3fa37bb6b77fb57538bfe397149033ba63d8dfce7e3dadb3ff03bd98bff0056bcf5f70b0fe9369acb9ce734000c9e250cfa0386fe4494fb5745ff00185f55facdccc6a324d19569db5e3e4b4d6e713a06b1e775163ddf9b5d776f5d22f9c1c287b4b5cc907c0095ed7fe2fbac64757faaf8b9194f3664d45d45b63b573fd33fa3b1e7fd23a935fa9fcb494f48924924a524924929ffd3f5558df5bbaa55d37a065d8fdc6dbeb7514318d2e71b2c6b9adf6b7f73e9ff00e66b6572bfe307232b0ba5b33b15d6b2da5d0d7b34634d8594efb1cc1ea6ff00d26d66eb1947f39fe1bd048a63562df27c8adf8341af21a1f96ea595fa4f01eea9f602fb5d96d77f3393f4aba6afe9957a5ebd9e87e8bd4dec4a6d6e4e762e358dadb8a28a7dcc2f27d1636be43ebd9ef5cd536e566f51657696bfd7b9af796b435e676bcfe99c2d7b5addab6ba4e4595e77523638b8bbd47389f11657afb437fea505173bab6666599791535ac7b71dcc0eb58c2d32647d1deefce6a051d472acb4d6d2c0f23d8c2d224fd10cefeef722748b5b766754b6cd47a2d7f87b85d51ffa9dca1915d75754b9d5b89810370dae1237ed23f93b91425a726f6b9c4d8d9d44b5a3fe8ee51b07a80b5f63883a9d028561121252c64b4377e83f9225476bc105b646d323da14c04b6e892903ab7bbe95b33cfb024319efd439a4f81047f145213b74494d20db05818e631a49d209d7bf82f5aff148e27eabd93db29e3ee650bcb5c67218d3a8ded20f8171da7fce6af53ff14cc0dfab374192732e24787b6a81fe6fb9253daa49249294924924a7ffd4f555cbff008c9b433ea9ded3fe16fc56fdd914d9ff00a2d750b8dff1ace23eacd51c1cda371ed00b9daff6824a7ca3a59ff2ad664b76ba348ec3d3ff00a4b4a969aafea0c99277b4988fa4f2e1ff0046b59784edbd5f4ff4ae03fce5a9be2eea27b9b08ffcf8824fec71fa25845f98f13069208f3d1ecff35ec5a1998967ab6649b43ae7f2df4c811c6efa6b33a2bfd3666be35f45f1f16b773574ff005a3a757d2b229c1a326fc8cc6d6d766976df4c6f6efadd558fdbee77fa267b2b67f84450e2b6bb869bdba7f27ff324fb6d1afa83fcc1fde864de0f2ffbd9fc0286f78ef64ff59bfdc929b1b6dff49ff447f7a7daf1fe135fea8fef5546fec5ff0037ff007313edb3c1dfe7bbff002092933bd4fdff00fa3fed4d0fff00487fcd0846ab23e89ff39fff0091512c70e59ff4dffec494c9bbc5ec74ee06cac91113b4af5fff001635167d54ade63f4d7def11ce8f357bbfedb5e365ae046804107971e0ff0029cbd9bfc5999faa541edeb64c7c3d7b5253d5249249294924924a7fffd5f555c4ff008da631df56f18bbf373e823e62d67fd4b976cb84ff001c45c3ead6196f6ea1513f01564bbf824a7cae8fd1f590dec2f234f8ad569fe9e3f3dd63c37ff04590ed338da3b5f3ff00496cd4e6b59d40c4916b883fe71414e2f45d9fa616377b4c02cf1f7d3b99fdb66f62eabeb0f593d53aa599e2938feab181f582e77b992cddbdd553bbd9b3f3172dd140f4ef2792f68fbdcd3ff7d5a765c63dce718f124a2a62fbe4999fc505d635ddff00d7e4a7ea93dca13c35ff00484c707ba4a6408e0bdec11a3ab68b3c7f31ce67e76c521b770dafb6c6c6a6d632b83fc96d6fb5cefed210adc356bc8f23aa50797ba4100c0d39494cdce6fe6fbbe084f73fc004acb4f00068f055dd69949493738b871a91f957b0ff008ac76efa9f41f0bf23f1b5eefe2bc6d8f970feb37f285ec9fe2a985bf52b11fdacb2f70f87ab633fef8929eb92492494a49249253fffd6f555c8ff008d1c537fd52b6d027ec97d3711fc9de297ff009acb9cbae43be8a7228b31ef60b29b9aeaedadc25ae6b86d7b1c3f75cd494fcea2b90ef12647dcd8574da1b8f9b613cba7ef6eeffbf2eebaa7f8a42ddefe879bb5a4cb7172c121a249daccba81b3d9f99ead377fc62e13eb074dea3d1afbba7f51a4d16dac0f66bb98e111baab5bed7b3f37ff003e6c494d1e89fd1dc66375a24fc1ae72bb6be1dcfdca9f4b966237424973dd1f733f8225af00cbdc19fd6207fd524a666cf3512fd394037d039b587e067fea655aa7073f24038b859793e1e8e3d8ff00fbea4a446c8f1280f7bbcce802d8a3ea97d6bcafe6ba3e581ff0ad6d3ffb70e6abd57f8b9faeb718774d663b7c6cc9a88ffc05d639253c93dee3d8a88713d9772dff00145f5adf05d760540f20d97388fba8dab0beb47d53cafabd934616464d5957db5faf6574b5cd0c66ef4ebf7d91bfd6db6ffdb4929c66d9fbbee7020ed6ea491f9ba7ef2f66fab9f593ea8fd5ee8183d2aeeab8edbb16a02f682e316b89b7234d9bff009f7d9f498bc64b8d5687d4e0dd80b6a6b816169fdf1f436d9fca62b5979833b6e4e4dae39bb6ba5e2c697b3d3a6a6d35dbebb37dd65cf7b3f49ec414fb33bfc67fd466ff00de9871f06d379fc9426c4ff19df52f2ae150ce34977d17dd5beb61ff00aebd9b19ff005c5e226f6d37fb195e4b43443b6bb6b5c46bb19706b6df4ffe1a8f4bfe33d96211fb4dd63dfb776f3277007f206b5153f4d537557d4cba87b6daac01d5d8c21cd734ead731edf6b9ae535e7bfe26b173aae8f9f6df6138b6640663d3f9ad731b391633fe35d656cffac2f42494ff00ffd7f5549249252952eabd1ba5759c6fb2f53c5af2a9e5a1e3569fdeaac11654ff00e5d6e5752494f2ccff00167f52db01d82eb037e887df7b801fbbb3d6dab431fea6fd54c60055d230f4e0be963cff009f6b5ee5b2924a438f87898c36e3515d03c2b63583fe8008c9249294924924a52e33ebafd42bfeb066d7d4b07299464b6a145955cd26b7b5ae7beb7b6cafdf5d8df55ed77b2cdfff0057d9a4929f22b7fc55fd6adb05f837338da2db4123fb58dedff39499fe2cfa9e4e20764d1f62cdc7b1cd79af63997510c1459fa077bf22b736ef53f57a2dbbfc37e93f4b67ada4929f2a67f8ada5d915563ab87576685b5d2d1735dfcaa2d7eef4f6fd277f395ffa3f4ff48cdba7fc517406ed37e666dc472d0faeb69ffb6a9167fe08bb9dadddba06e1c1ee9d2535ba774ec2e9787560e05428c6a4115d60931277b8973cb9ef739cedcf7bd59492494fffd0f554924925292492494a4924925292492494a4924925292492494a4924925292492494a49249253fffd9ffed14ec50686f746f73686f7020332e30003842494d0425000000000010000000000000000000000000000000003842494d03ed000000000010004800000001000100480000000100013842494d042600000000000e000000000000000000003f8000003842494d040d000000000004000000783842494d04190000000000040000001e3842494d03f3000000000009000000000000000001003842494d040a00000000000100003842494d271000000000000a000100000000000000023842494d03f5000000000048002f66660001006c66660006000000000001002f6666000100a1999a0006000000000001003200000001005a00000006000000000001003500000001002d000000060000000000013842494d03f80000000000700000ffffffffffffffffffffffffffffffffffffffffffff03e800000000ffffffffffffffffffffffffffffffffffffffffffff03e800000000ffffffffffffffffffffffffffffffffffffffffffff03e800000000ffffffffffffffffffffffffffffffffffffffffffff03e800003842494d040000000000000200013842494d0402000000000004000000003842494d043000000000000201013842494d042d0000000000060001000000023842494d0408000000000010000000010000024000000240000000003842494d041e000000000004000000003842494d041a00000000034900000006000000000000000000000123000000ff0000000a0055006e007400690074006c00650064002d00310000000100000000000000000000000000000000000000010000000000000000000000ff0000012300000000000000000000000000000000010000000000000000000000000000000000000010000000010000000000006e756c6c0000000200000006626f756e64734f626a6300000001000000000000526374310000000400000000546f70206c6f6e6700000000000000004c6566746c6f6e67000000000000000042746f6d6c6f6e670000012300000000526768746c6f6e67000000ff00000006736c69636573566c4c73000000014f626a6300000001000000000005736c6963650000001200000007736c69636549446c6f6e67000000000000000767726f757049446c6f6e6700000000000000066f726967696e656e756d0000000c45536c6963654f726967696e0000000d6175746f47656e6572617465640000000054797065656e756d0000000a45536c6963655479706500000000496d672000000006626f756e64734f626a6300000001000000000000526374310000000400000000546f70206c6f6e6700000000000000004c6566746c6f6e67000000000000000042746f6d6c6f6e670000012300000000526768746c6f6e67000000ff0000000375726c54455854000000010000000000006e756c6c54455854000000010000000000004d7367655445585400000001000000000006616c74546167544558540000000100000000000e63656c6c54657874497348544d4c626f6f6c010000000863656c6c546578745445585400000001000000000009686f727a416c69676e656e756d0000000f45536c696365486f727a416c69676e0000000764656661756c740000000976657274416c69676e656e756d0000000f45536c69636556657274416c69676e0000000764656661756c740000000b6267436f6c6f7254797065656e756d0000001145536c6963654247436f6c6f7254797065000000004e6f6e6500000009746f704f75747365746c6f6e67000000000000000a6c6566744f75747365746c6f6e67000000000000000c626f74746f6d4f75747365746c6f6e67000000000000000b72696768744f75747365746c6f6e6700000000003842494d042800000000000c000000013ff00000000000003842494d0414000000000004000000023842494d040c000000000ef5000000010000008c000000a0000001a40001068000000ed900180001ffd8ffe000104a46494600010200004800480000ffed000c41646f62655f434d0001ffee000e41646f626500648000000001ffdb0084000c08080809080c09090c110b0a0b11150f0c0c0f1518131315131318110c0c0c0c0c0c110c0c0c0c0c0c0c0c0c0c0c0c0c0c0c0c0c0c0c0c0c0c0c0c0c0c0c0c010d0b0b0d0e0d100e0e10140e0e0e14140e0e0e0e14110c0c0c0c0c11110c0c0c0c0c0c110c0c0c0c0c0c0c0c0c0c0c0c0c0c0c0c0c0c0c0c0c0c0c0c0c0c0c0cffc000110800a0008c03012200021101031101ffdd00040009ffc4013f0000010501010101010100000000000000030001020405060708090a0b0100010501010101010100000000000000010002030405060708090a0b1000010401030204020507060805030c33010002110304211231054151611322718132061491a1b14223241552c16233347282d14307259253f0e1f163733516a2b283264493546445c2a3743617d255e265f2b384c3d375e3f3462794a485b495c4d4e4f4a5b5c5d5e5f55666768696a6b6c6d6e6f637475767778797a7b7c7d7e7f711000202010204040304050607070605350100021103213112044151617122130532819114a1b14223c152d1f0332462e1728292435315637334f1250616a2b283072635c2d2449354a317644555367465e2f2b384c3d375e3f34694a485b495c4d4e4f4a5b5c5d5e5f55666768696a6b6c6d6e6f62737475767778797a7b7c7ffda000c03010002110311003f00f554924925292492494a4924925292492494a4924925292492494a4924925292492494a49249253fffd0f554924925292492494a492492529255b3fa86174dc4b7373ae6d18f4b4becb1dd80fdd68f73ddfbac67bdeb98e97fe34fea9e7c8b6db301d30064b3da7febb41bea6ffd71f5a4a7b0490717331332a17625d5e45478b2a707b7fce617351925292492494a4924925292492494a49249253fffd1f554924925292492494a5e71fe35feb4dd82ec6e91857dd4d9b4e4659c771adc5866bc7a5d7567735b645d65acfdcad8bd1d7ce9f5abaa3babf5dea5d41cedcdbae78a88d07a55fe83186dff0089ada929eafeb5fd4ee8bf56fa153957d96751eaf9cf1552f738b6a612d75b65edac7e9ae654c1ed65f9166fb1ecdfecfd1ac4e93d03acf59a321dd26dab2b22876ebfa6d915d9b5d0caefc77bff0041755edd8ffd255652ff00fad2ed7fc6951ea7d5ce8b9a27755732bf95d4bf5ff3ea62c4ff001726ba3eb5e23ea79dd974e457637b406b2f8ff3a9494f29f69cfe8f9a5963327a4675704b5a5f53ff0092edbec7398e5e8ffe2ebebd5f9d94ee91d6733ed175d1fb3ed7321ce2d0f75f45d633d9bb6b5afa37b7dffa6fd27f34b0ff00c73f52bedeb58bd337ce363e3b6ed800916d8eb18e76efa5fccd75acdfabd8f563743e9df5969a76dfd37aa8c6c978dc5b6d6f6d77d36de1cf736bb29bdccc7dd432adf559fa4494fb9a4a9747ead8dd5f0199b8da35c4b5ec3cb1ed3b6cadff00d572ba9294924924a5249249294924924a7fffd2f55492517bdac639ef3b5ad04b89e001ca4a791fae9fe3028fabeffb06056dcbea901d635c4fa5435c26b393b3deeb6dff00058ccf7fa7fa5fd1fe8bd6e2c7f8cbfae191639c2fc7a9adfa6dae89689fa2ddd6bed76efe42e7f36cc8ccc8b73f2c16bf29efc83a899b49b5ef89f6ecadccc7a9aefccff8c57ba387515576555b0bcb3d51bc1d1d6bdd5d6f6ed2df7fd9e9ff00c1d24d3a999f5fbebab8068b1d8f0352ca2b6b8ff5bed02cdbff006db172058c6ea7149efa89055fc9fb4fa8ff00b449717192776bff0045c93769aceb27691c9d3fe8a4846eeadd4f3eec6c0cac9c8762b9ed1e8d8fb0d4d0cfa05b5db63dbfa3fcc45398fe9a2ac8c3becc6cba6c7b7d5646e6e86b76dddfbccfa4a2c7b0df43ddb4368064130498d36a1bb21a2c1735db8bb4787413a8e5dff53bd2521cfcd7f53c8395d4321d9590e01a6db87ba1a21a3d9fbaa74755cfa300f44a32c7ecdccb9aebb145621cf9addea7aaf67abed7d14ff84fcc4d7558aef703f48ced25ba28369c7f56a756d0d735ed76e91f9baba1253bbf57feba757fab9eb8c715db45f6075955e1db7701e9b9f5baa3fa37bb6b77fb57538bfe397149033ba63d8dfce7e3dadb3ff03bd98bff0056bcf5f70b0fe9369acb9ce734000c9e250cfa0386fe4494fb5745ff00185f55facdccc6a324d19569db5e3e4b4d6e713a06b1e775163ddf9b5d776f5d22f9c1c287b4b5cc907c0095ed7fe2fbac64757faaf8b9194f3664d45d45b63b573fd33fa3b1e7fd23a935fa9fcb494f48924924a524924929ffd3f5558df5bbaa55d37a065d8fdc6dbeb7514318d2e71b2c6b9adf6b7f73e9ff00e66b6572bfe307232b0ba5b33b15d6b2da5d0d7b34634d8594efb1cc1ea6ff00d26d66eb1947f39fe1bd048a63562df27c8adf8341af21a1f96ea595fa4f01eea9f602fb5d96d77f3393f4aba6afe9957a5ebd9e87e8bd4dec4a6d6e4e762e358dadb8a28a7dcc2f27d1636be43ebd9ef5cd536e566f51657696bfd7b9af796b435e676bcfe99c2d7b5addab6ba4e4595e77523638b8bbd47389f11657afb437fea505173bab6666599791535ac7b71dcc0eb58c2d32647d1deefce6a051d472acb4d6d2c0f23d8c2d224fd10cefeef722748b5b766754b6cd47a2d7f87b85d51ffa9dca1915d75754b9d5b89810370dae1237ed23f93b91425a726f6b9c4d8d9d44b5a3fe8ee51b07a80b5f63883a9d028561121252c64b4377e83f9225476bc105b646d323da14c04b6e892903ab7bbe95b33cfb024319efd439a4f81047f145213b74494d20db05818e631a49d209d7bf82f5aff148e27eabd93db29e3ee650bcb5c67218d3a8ded20f8171da7fce6af53ff14cc0dfab374192732e24787b6a81fe6fb9253daa49249294924924a7ffd4f555cbff008c9b433ea9ded3fe16fc56fdd914d9ff00a2d750b8dff1ace23eacd51c1cda371ed00b9daff6824a7ca3a59ff2ad664b76ba348ec3d3ff00a4b4a969aafea0c99277b4988fa4f2e1ff0046b59784edbd5f4ff4ae03fce5a9be2eea27b9b08ffcf8824fec71fa25845f98f13069208f3d1ecff35ec5a1998967ab6649b43ae7f2df4c811c6efa6b33a2bfd3666be35f45f1f16b773574ff005a3a757d2b229c1a326fc8cc6d6d766976df4c6f6efadd558fdbee77fa267b2b67f84450e2b6bb869bdba7f27ff324fb6d1afa83fcc1fde864de0f2ffbd9fc0286f78ef64ff59bfdc929b1b6dff49ff447f7a7daf1fe135fea8fef5546fec5ff0037ff007313edb3c1dfe7bbff002092933bd4fdff00fa3fed4d0fff00487fcd0846ab23e89ff39fff0091512c70e59ff4dffec494c9bbc5ec74ee06cac91113b4af5fff001635167d54ade63f4d7def11ce8f357bbfedb5e365ae046804107971e0ff0029cbd9bfc5999faa541edeb64c7c3d7b5253d5249249294924924a7fffd5f555c4ff008da631df56f18bbf373e823e62d67fd4b976cb84ff001c45c3ead6196f6ea1513f01564bbf824a7cae8fd1f590dec2f234f8ad569fe9e3f3dd63c37ff04590ed338da3b5f3ff00496cd4e6b59d40c4916b883fe71414e2f45d9fa616377b4c02cf1f7d3b99fdb66f62eabeb0f593d53aa599e2938feab181f582e77b992cddbdd553bbd9b3f3172dd140f4ef2792f68fbdcd3ff7d5a765c63dce718f124a2a62fbe4999fc505d635ddff00d7e4a7ea93dca13c35ff00484c707ba4a6408e0bdec11a3ab68b3c7f31ce67e76c521b770dafb6c6c6a6d632b83fc96d6fb5cefed210adc356bc8f23aa50797ba4100c0d39494cdce6fe6fbbe084f73fc004acb4f00068f055dd69949493738b871a91f957b0ff008ac76efa9f41f0bf23f1b5eefe2bc6d8f970feb37f285ec9fe2a985bf52b11fdacb2f70f87ab633fef8929eb92492494a49249253fffd6f555c8ff008d1c537fd52b6d027ec97d3711fc9de297ff009acb9cbae43be8a7228b31ef60b29b9aeaedadc25ae6b86d7b1c3f75cd494fcea2b90ef12647dcd8574da1b8f9b613cba7ef6eeffbf2eebaa7f8a42ddefe879bb5a4cb7172c121a249daccba81b3d9f99ead377fc62e13eb074dea3d1afbba7f51a4d16dac0f66bb98e111baab5bed7b3f37ff003e6c494d1e89fd1dc66375a24fc1ae72bb6be1dcfdca9f4b966237424973dd1f733f8225af00cbdc19fd6207fd524a666cf3512fd394037d039b587e067fea655aa7073f24038b859793e1e8e3d8ff00fbea4a446c8f1280f7bbcce802d8a3ea97d6bcafe6ba3e581ff0ad6d3ffb70e6abd57f8b9faeb718774d663b7c6cc9a88ffc05d639253c93dee3d8a88713d9772dff00145f5adf05d760540f20d97388fba8dab0beb47d53cafabd934616464d5957db5faf6574b5cd0c66ef4ebf7d91bfd6db6ffdb4929c66d9fbbee7020ed6ea491f9ba7ef2f66fab9f593ea8fd5ee8183d2aeeab8edbb16a02f682e316b89b7234d9bff009f7d9f498bc64b8d5687d4e0dd80b6a6b816169fdf1f436d9fca62b5979833b6e4e4dae39bb6ba5e2c697b3d3a6a6d35dbebb37dd65cf7b3f49ec414fb33bfc67fd466ff00de9871f06d379fc9426c4ff19df52f2ae150ce34977d17dd5beb61ff00aebd9b19ff005c5e226f6d37fb195e4b43443b6bb6b5c46bb19706b6df4ffe1a8f4bfe33d96211fb4dd63dfb776f3277007f206b5153f4d537557d4cba87b6daac01d5d8c21cd734ead731edf6b9ae535e7bfe26b173aae8f9f6df6138b6640663d3f9ad731b391633fe35d656cffac2f42494ff00ffd7f5549249252952eabd1ba5759c6fb2f53c5af2a9e5a1e3569fdeaac11654ff00e5d6e5752494f2ccff00167f52db01d82eb037e887df7b801fbbb3d6dab431fea6fd54c60055d230f4e0be963cff009f6b5ee5b2924a438f87898c36e3515d03c2b63583fe8008c9249294924924a52e33ebafd42bfeb066d7d4b07299464b6a145955cd26b7b5ae7beb7b6cafdf5d8df55ed77b2cdfff0057d9a4929f22b7fc55fd6adb05f837338da2db4123fb58dedff39499fe2cfa9e4e20764d1f62cdc7b1cd79af63997510c1459fa077bf22b736ef53f57a2dbbfc37e93f4b67ada4929f2a67f8ada5d915563ab87576685b5d2d1735dfcaa2d7eef4f6fd277f395ffa3f4ff48cdba7fc517406ed37e666dc472d0faeb69ffb6a9167fe08bb9dadddba06e1c1ee9d2535ba774ec2e9787560e05428c6a4115d60931277b8973cb9ef739cedcf7bd59492494fffd0f554924925292492494a4924925292492494a4924925292492494a4924925292492494a49249253fffd9003842494d042100000000005500000001010000000f00410064006f00620065002000500068006f0074006f00730068006f00700000001300410064006f00620065002000500068006f0074006f00730068006f0070002000430053003300000001003842494d04060000000000070004010100010100ffe10fce687474703a2f2f6e732e61646f62652e636f6d2f7861702f312e302f003c3f787061636b657420626567696e3d22efbbbf222069643d2257354d304d7043656869487a7265537a4e54637a6b633964223f3e203c783a786d706d65746120786d6c6e733a783d2261646f62653a6e733a6d6574612f2220783a786d70746b3d2241646f626520584d5020436f726520342e312d633033362034362e3237363732302c204d6f6e2046656220313920323030372032323a34303a30382020202020202020223e203c7264663a52444620786d6c6e733a7264663d22687474703a2f2f7777772e77332e6f72672f313939392f30322f32322d7264662d73796e7461782d6e7323223e203c7264663a4465736372697074696f6e207264663a61626f75743d222220786d6c6e733a64633d22687474703a2f2f7075726c2e6f72672f64632f656c656d656e74732f312e312f2220786d6c6e733a7861703d22687474703a2f2f6e732e61646f62652e636f6d2f7861702f312e302f2220786d6c6e733a7861704d4d3d22687474703a2f2f6e732e61646f62652e636f6d2f7861702f312e302f6d6d2f2220786d6c6e733a73745265663d22687474703a2f2f6e732e61646f62652e636f6d2f7861702f312e302f73547970652f5265736f75726365526566232220786d6c6e733a70686f746f73686f703d22687474703a2f2f6e732e61646f62652e636f6d2f70686f746f73686f702f312e302f2220786d6c6e733a746966663d22687474703a2f2f6e732e61646f62652e636f6d2f746966662f312e302f2220786d6c6e733a657869663d22687474703a2f2f6e732e61646f62652e636f6d2f657869662f312e302f222064633a666f726d61743d22696d6167652f6a70656722207861703a43726561746f72546f6f6c3d2241646f62652050686f746f73686f70204353332057696e646f777322207861703a437265617465446174653d22323031372d30352d32355431313a30333a33382b30353a333022207861703a4d6f64696679446174653d22323031372d30352d32355431313a30333a33382b30353a333022207861703a4d65746164617461446174653d22323031372d30352d32355431313a30333a33382b30353a333022207861704d4d3a446f63756d656e7449443d22757569643a443736373032413530423431453731314232354141374238393834324145463422207861704d4d3a496e7374616e636549443d22757569643a4438363730324135304234314537313142323541413742383938343241454634222070686f746f73686f703a436f6c6f724d6f64653d2233222070686f746f73686f703a49434350726f66696c653d22735247422049454336313936362d322e31222070686f746f73686f703a486973746f72793d222220746966663a4f7269656e746174696f6e3d22312220746966663a585265736f6c7574696f6e3d223732303030302f31303030302220746966663a595265736f6c7574696f6e3d223732303030302f31303030302220746966663a5265736f6c7574696f6e556e69743d22322220746966663a4e61746976654469676573743d223235362c3235372c3235382c3235392c3236322c3237342c3237372c3238342c3533302c3533312c3238322c3238332c3239362c3330312c3331382c3331392c3532392c3533322c3330362c3237302c3237312c3237322c3330352c3331352c33333433323b41333330384633334639393446383831393231333232353532434536464244372220657869663a506978656c5844696d656e73696f6e3d223235352220657869663a506978656c5944696d656e73696f6e3d223239312220657869663a436f6c6f7253706163653d22312220657869663a4e61746976654469676573743d2233363836342c34303936302c34303936312c33373132312c33373132322c34303936322c34303936332c33373531302c34303936342c33363836372c33363836382c33333433342c33333433372c33343835302c33343835322c33343835352c33343835362c33373337372c33373337382c33373337392c33373338302c33373338312c33373338322c33373338332c33373338342c33373338352c33373338362c33373339362c34313438332c34313438342c34313438362c34313438372c34313438382c34313439322c34313439332c34313439352c34313732382c34313732392c34313733302c34313938352c34313938362c34313938372c34313938382c34313938392c34313939302c34313939312c34313939322c34313939332c34313939342c34313939352c34313939362c34323031362c302c322c342c352c362c372c382c392c31302c31312c31322c31332c31342c31352c31362c31372c31382c32302c32322c32332c32342c32352c32362c32372c32382c33303b3744463634303134354237454644354238453544433841393345463846313441223e203c7861704d4d3a4465726976656446726f6d2073745265663a696e7374616e636549443d22757569643a4531373137443139304134314537313142323541413742383938343241454634222073745265663a646f63756d656e7449443d22757569643a4531373137443139304134314537313142323541413742383938343241454634222f3e203c2f7264663a4465736372697074696f6e3e203c2f7264663a5244463e203c2f783a786d706d6574613e2020202020202020202020202020202020202020202020202020202020202020202020202020202020202020202020202020202020202020202020202020202020202020202020202020202020202020202020202020202020202020202020202020202020202020202020202020202020202020202020202020202020202020202020202020202020202020202020202020202020202020202020202020202020202020202020202020202020202020202020202020202020202020202020202020202020202020202020202020202020202020202020202020202020202020202020202020202020202020202020202020202020202020202020202020202020202020202020202020202020202020202020202020202020202020202020202020202020202020202020202020202020202020202020202020202020202020202020202020202020202020202020202020202020202020202020202020202020202020202020202020202020202020202020202020202020202020202020202020202020202020202020202020202020202020202020202020202020202020202020202020202020202020202020202020202020202020202020202020202020202020202020202020202020202020202020202020202020202020202020202020202020202020202020202020202020202020202020202020202020202020202020202020202020202020202020202020202020202020202020202020202020202020202020202020202020202020202020202020202020202020202020202020202020202020202020202020202020202020202020202020202020202020202020202020202020202020202020202020202020202020202020202020202020202020202020202020202020202020202020202020202020202020202020202020202020202020202020202020202020202020202020202020202020202020202020202020202020202020202020202020202020202020202020202020202020202020202020202020202020202020202020202020202020202020202020202020202020202020202020202020202020202020202020202020202020202020202020202020202020202020202020202020202020202020202020202020202020202020202020202020202020202020202020202020202020202020202020202020202020202020202020202020202020202020202020202020202020202020202020202020202020202020202020202020202020202020202020202020202020202020202020202020202020202020202020202020202020202020202020202020202020202020202020202020202020202020202020202020202020202020202020202020202020202020202020202020202020202020202020202020202020202020202020202020202020202020202020202020202020202020202020202020202020202020202020202020202020202020202020202020202020202020202020202020202020202020202020202020202020202020202020202020202020202020202020202020202020202020202020202020202020202020202020202020202020202020202020202020202020202020202020202020202020202020202020202020202020202020202020202020202020202020202020202020202020202020202020202020202020202020202020202020202020202020202020202020202020202020202020202020202020202020202020202020202020202020202020202020202020202020202020202020202020202020202020202020202020202020202020202020202020202020202020202020202020202020202020202020202020202020202020202020202020202020202020202020202020202020202020202020202020202020202020202020202020202020202020202020202020202020202020202020202020202020202020202020202020202020202020202020202020202020202020202020202020202020202020202020202020202020202020202020202020202020202020202020202020202020202020202020202020202020202020202020202020202020202020202020202020202020202020202020202020202020202020202020202020202020202020202020202020202020202020202020202020202020202020202020202020202020202020202020202020202020202020202020202020202020202020202020202020202020202020202020202020202020202020202020202020202020202020202020202020202020202020202020202020202020202020202020202020202020202020202020202020202020202020202020202020202020202020202020202020202020202020202020202020202020202020202020202020202020202020202020202020202020202020202020202020202020202020202020202020202020202020202020202020202020202020202020202020202020202020202020202020202020202020202020202020202020202020202020202020202020202020202020202020202020202020202020202020202020202020202020202020202020202020202020202020202020202020202020202020202020202020202020202020202020202020202020202020202020202020202020202020202020202020202020202020202020202020202020202020202020202020202020202020202020202020202020202020202020202020202020202020202020202020202020202020202020202020202020202020202020202020202020202020202020202020202020202020202020203c3f787061636b657420656e643d2277223f3effe20c584943435f50524f46494c4500010100000c484c696e6f021000006d6e74725247422058595a2007ce00020009000600310000616373704d5346540000000049454320735247420000000000000000000000010000f6d6000100000000d32d4850202000000000000000000000000000000000000000000000000000000000000000000000000000000000000000000000001163707274000001500000003364657363000001840000006c77747074000001f000000014626b707400000204000000147258595a00000218000000146758595a0000022c000000146258595a0000024000000014646d6e640000025400000070646d6464000002c400000088767565640000034c0000008676696577000003d4000000246c756d69000003f8000000146d6561730000040c0000002474656368000004300000000c725452430000043c0000080c675452430000043c0000080c625452430000043c0000080c7465787400000000436f70797269676874202863292031393938204865776c6574742d5061636b61726420436f6d70616e790000646573630000000000000012735247422049454336313936362d322e31000000000000000000000012735247422049454336313936362d322e31000000000000000000000000000000000000000000000000000000000000000000000000000000000000000000000000000058595a20000000000000f35100010000000116cc58595a200000000000000000000000000000000058595a200000000000006fa2000038f50000039058595a2000000000000062990000b785000018da58595a2000000000000024a000000f840000b6cf64657363000000000000001649454320687474703a2f2f7777772e6965632e636800000000000000000000001649454320687474703a2f2f7777772e6965632e63680000000000000000000000000000000000000000000000000000000000000000000000000000000000000000000064657363000000000000002e4945432036313936362d322e312044656661756c742052474220636f6c6f7572207370616365202d207352474200000000000000000000002e4945432036313936362d322e312044656661756c742052474220636f6c6f7572207370616365202d20735247420000000000000000000000000000000000000000000064657363000000000000002c5265666572656e63652056696577696e6720436f6e646974696f6e20696e2049454336313936362d322e3100000000000000000000002c5265666572656e63652056696577696e6720436f6e646974696f6e20696e2049454336313936362d322e31000000000000000000000000000000000000000000000000000076696577000000000013a4fe00145f2e0010cf140003edcc0004130b00035c9e0000000158595a2000000000004c09560050000000571fe76d6561730000000000000001000000000000000000000000000000000000028f0000000273696720000000004352542063757276000000000000040000000005000a000f00140019001e00230028002d00320037003b00400045004a004f00540059005e00630068006d00720077007c00810086008b00900095009a009f00a400a900ae00b200b700bc00c100c600cb00d000d500db00e000e500eb00f000f600fb01010107010d01130119011f0125012b01320138013e0145014c0152015901600167016e0175017c0183018b0192019a01a101a901b101b901c101c901d101d901e101e901f201fa0203020c0214021d0226022f02380241024b0254025d02670271027a0284028e029802a202ac02b602c102cb02d502e002eb02f50300030b03160321032d03380343034f035a03660372037e038a039603a203ae03ba03c703d303e003ec03f9040604130420042d043b0448045504630471047e048c049a04a804b604c404d304e104f004fe050d051c052b053a05490558056705770586059605a605b505c505d505e505f6060606160627063706480659066a067b068c069d06af06c006d106e306f507070719072b073d074f076107740786079907ac07bf07d207e507f8080b081f08320846085a086e0882089608aa08be08d208e708fb09100925093a094f09640979098f09a409ba09cf09e509fb0a110a270a3d0a540a6a0a810a980aae0ac50adc0af30b0b0b220b390b510b690b800b980bb00bc80be10bf90c120c2a0c430c5c0c750c8e0ca70cc00cd90cf30d0d0d260d400d5a0d740d8e0da90dc30dde0df80e130e2e0e490e640e7f0e9b0eb60ed20eee0f090f250f410f5e0f7a0f960fb30fcf0fec1009102610431061107e109b10b910d710f511131131114f116d118c11aa11c911e81207122612451264128412a312c312e31303132313431363138313a413c513e5140614271449146a148b14ad14ce14f01512153415561578159b15bd15e0160316261649166c168f16b216d616fa171d17411765178917ae17d217f7181b18401865188a18af18d518fa19201945196b199119b719dd1a041a2a1a511a771a9e1ac51aec1b141b3b1b631b8a1bb21bda1c021c2a1c521c7b1ca31ccc1cf51d1e1d471d701d991dc31dec1e161e401e6a1e941ebe1ee91f131f3e1f691f941fbf1fea20152041206c209820c420f0211c2148217521a121ce21fb22272255228222af22dd230a23382366239423c223f0241f244d247c24ab24da250925382568259725c725f726272657268726b726e827182749277a27ab27dc280d283f287128a228d429062938296b299d29d02a022a352a682a9b2acf2b022b362b692b9d2bd12c052c392c6e2ca22cd72d0c2d412d762dab2de12e162e4c2e822eb72eee2f242f5a2f912fc72ffe3035306c30a430db3112314a318231ba31f2322a3263329b32d4330d3346337f33b833f1342b3465349e34d83513354d358735c235fd3637367236ae36e937243760379c37d738143850388c38c839053942397f39bc39f93a363a743ab23aef3b2d3b6b3baa3be83c273c653ca43ce33d223d613da13de03e203e603ea03ee03f213f613fa23fe24023406440a640e74129416a41ac41ee4230427242b542f7433a437d43c044034447448a44ce45124555459a45de4622466746ab46f04735477b47c04805484b489148d7491d496349a949f04a374a7d4ac44b0c4b534b9a4be24c2a4c724cba4d024d4a4d934ddc4e254e6e4eb74f004f494f934fdd5027507150bb51065150519b51e65231527c52c75313535f53aa53f65442548f54db5528557555c2560f565c56a956f75744579257e0582f587d58cb591a596959b85a075a565aa65af55b455b955be55c355c865cd65d275d785dc95e1a5e6c5ebd5f0f5f615fb36005605760aa60fc614f61a261f56249629c62f06343639763eb6440649464e9653d659265e7663d669266e8673d679367e9683f689668ec6943699a69f16a486a9f6af76b4f6ba76bff6c576caf6d086d606db96e126e6b6ec46f1e6f786fd1702b708670e0713a719571f0724b72a67301735d73b87414747074cc7528758575e1763e769b76f8775677b37811786e78cc792a798979e77a467aa57b047b637bc27c217c817ce17d417da17e017e627ec27f237f847fe5804780a8810a816b81cd8230829282f4835783ba841d848084e3854785ab860e867286d7873b879f8804886988ce8933899989fe8a648aca8b308b968bfc8c638cca8d318d988dff8e668ece8f368f9e9006906e90d6913f91a89211927a92e3934d93b69420948a94f4955f95c99634969f970a977597e0984c98b89924999099fc9a689ad59b429baf9c1c9c899cf79d649dd29e409eae9f1d9f8b9ffaa069a0d8a147a1b6a226a296a306a376a3e6a456a4c7a538a5a9a61aa68ba6fda76ea7e0a852a8c4a937a9a9aa1caa8fab02ab75abe9ac5cacd0ad44adb8ae2daea1af16af8bb000b075b0eab160b1d6b24bb2c2b338b3aeb425b49cb513b58ab601b679b6f0b768b7e0b859b8d1b94ab9c2ba3bbab5bb2ebba7bc21bc9bbd15bd8fbe0abe84beffbf7abff5c070c0ecc167c1e3c25fc2dbc358c3d4c451c4cec54bc5c8c646c6c3c741c7bfc83dc8bcc93ac9b9ca38cab7cb36cbb6cc35ccb5cd35cdb5ce36ceb6cf37cfb8d039d0bad13cd1bed23fd2c1d344d3c6d449d4cbd54ed5d1d655d6d8d75cd7e0d864d8e8d96cd9f1da76dafbdb80dc05dc8add10dd96de1cdea2df29dfafe036e0bde144e1cce253e2dbe363e3ebe473e4fce584e60de696e71fe7a9e832e8bce946e9d0ea5beae5eb70ebfbec86ed11ed9cee28eeb4ef40efccf058f0e5f172f1fff28cf319f3a7f434f4c2f550f5def66df6fbf78af819f8a8f938f9c7fa57fae7fb77fc07fc98fd29fdbafe4bfedcff6dffffffee002141646f62650064000000000103001003020306000000000000000000000000ffdb0084000604040405040605050609060506090b080606080b0c0a0a0b0a0a0c100c0c0c0c0c0c100c0c0c0c0c0c0c0c0c0c0c0c0c0c0c0c0c0c0c0c0c0c0c0c0c0c0c0c010707070d0c0d18101018140e0e0e14140e0e0e0e14110c0c0c0c0c11110c0c0c0c0c0c110c0c0c0c0c0c0c0c0c0c0c0c0c0c0c0c0c0c0c0c0c0c0c0c0c0c0c0cffc2001108012300ff03011100021101031101ffc400c80001000007010100000000000000000000000102030405060708090101010101010000000000000000000000000102030410000104010303030304020203000000000102030405060011074012083013142021151050703141248022351637110002010301030609080608030900000001020300110412213105415161223213718191a1b1d172820630c1425262a223141040e192331520b2c24393b3243470d2e2505363a3445474b407120001020700000000000000000000000001901140506070802142ffda000c03010102110311000000f54800000000000000000000000000000000000000000000000000000000000000000000000000000000000000000000000000000000000000000000000000000000000000000000000000000000d44d38e9a64800000000000000000003829cecd08d60cb1d08eb27662ec000000000000000035c3c031f422bc191b45463981767a3ebd3000000000000000001e648f319f47ebe7ac65ebe849e408e02757af7095c0000000000000001e098e727d31af9fd17d5eed3c1d1ce4f55d5f9e8e0000000000002d0e226ba644c09c50b48da2b0b196acb9a198d37d8c357a48e826de5d80000000014cf124bce533b59b3065a16e5b99f896b0652881666d156059c543763d255d70000000039a2f8de5a6bbf3386b30a542b14caa5b158b229168660b520484d131ef4acf8000000384e77e756aa26d179d4ad30b82e4b02f0c59625f9684c4c5a1245325299ed9ae9c0000000f25f3f5f3ed70ba4ccdc59d73b89eafe5597a484a449090a714c98818e207b3abac0000001849af3873efc837c6f9373b9d72b066389cab1735123102240948112eab1a5a47af2baf80000018d5f0e63a6896efb79651351acbc42b07154b9a984098814c81313d63c89ebc3aa80000003c319d73c75df2f0b8341ad8627ac4c562ad09844411291282d8ae7b1aba500000003e7f675ad3a744bc6dce7c6c26c95882d89c8902313902914c802ccaa7b66b7800000007cf39ac04e9d12f181cd8dc0dad753b2d0949012c0949481024242b9ee2addc00000081f3ba5c0ce9d06f298e6e6dc7a11781d9685128c4854a9e224f50890a65307b82b7a000000253e764baf37bfb17e9cb8db8ef135c8759b62916e52898bad4a12cc518a25b94881ee1adf800000081f3ae5d7cddd2fce786c66d158e2d8b72d6204c44989aa48a2512994cf6fd7450000002d4f9cb16a6cc6c872e36e32156f14094a6532990a9c9a2d8b62911243dd15d04000000a67ce88b5330670e6e6e65d966484090949890b72896a522427243e85d6cc0000000f02c6be5d99839b9bd95ab1f121213548528a25a96e50044ae6c27bf6b1e634c4998373000079bcf3d4575aa9a19d0aa845994c88a94a640a7140a05229131b34b6c62ecaa4231f5d34f765540003553901e6e8d70dc2a996f14890ad59633319dacd99833263cf34c5a944cecb64616ca85436e3e86544000039f9c44be33a6c26c66c46689c0001cc0f1c40a65fcd636c82676b643bd1d8c000000000000000035535f3165f62e4d629be6e000000000000000000000010220000000000000000000000000000000000000000000000000000000000000000000000000000000000000000000000000000000000000000000000000007ffda0008010200010500ff00986a3a1d20f4c9dce87ebbfe9bf50749007e83ae036facf5c3f43d50fa0756743e81a27f601fb00fac24eb6fd9c7403d2dfa61fb00fdbce87f5d7edfb003adfaf29d01b6811fc8dfffda0008010300010500ff00909b75e3f4db47ad40dc9db7fe875a96fb51fe167e9dba848dcb8ea940e89eb4696adff43d77f81d79d1febaf3f481d61ebf7d1fa0fd7bff00138d1fd837ebc688d6dd783adf7fe47fffda0008010100010500fe4ce48e4ba2c129f14f2778fae954d92e3f76cf57c93e4f1a2c855cf7cd77b2390d9e409b6d5afd1b4214e9f0dec6fc8be48a3d62fe55629395556f596f03a7e43cca261b874dbd9d616b49418de2b4996e59699a659c5d806019d4bce3c69e51c574ddccb8ee316b15c3e3472c5341ea3cc5cd3605d78b974cb92f10a824354e6d29ad5a712e35e5fdde3ae65754dc576ce660f6fc719ec09b1e743e9b9f6e1db5e5d52b552a0e54df562e9b2c913c3b538e3ff231ee7fb4361cb8a57fd399f18929e18e1ae54721dd7436d6d59515d90797787c47c79757cead9f2a6c52ddcf94d99bebbb9acdbdbb31aa925de45cc9b8f0953aed7f8eecaaade72e5e850ad03b6560ed7471ac839ef922fa85360fc518b794d402355738716596a05bd4d823d5932188d1f993956d73eb524b7aa7ac92e3527157634693550909153eea5ca657648a07846c199daa9d9afa613916da305cc9c81f97989122c244893630d464ce32e268cc94751ec6ca3398e73a72ad0af87fc81aace1df4fc8abb76b38afb5b7e4fb04bf5d29706cf279d66f4a5aca847f68894637c67e4b2aaeaa5c466927b47b1b92d4b43f5ac36db1162054c8ec6a4cd901f696e3ef2da6402594a82dbd479abaf9781649ff00b2e1fe979516509a83276797434f3c66d8cd58994f6d8e447224e87ec2d9872d21c83216dfc09695c9acb05453125844343dee3d1a5847b12370c3e87e5c377de79b712568735b2f5ba86a523ba3f8ecf15f1d7a5e4864b0f25cc1c5fe1a66127fd5c3ab25cda3ca7f275352fdada4c8eab398b4b0eda3d0db4480b536cb8dfc48c13f0e3274a6828188d9d2a08515d7249fc62014d7ad45caf9cd20bd664caf91f0bc6a5f7605e8e696ccd6637668c12b9992e999aaab68d1f02e3990d98dca3387c6c6a0226e0f91d6330d78f7faf0dbdfb93a27ec7fa0924ec74468a4e8e91fdb6e1ed90cb4e14b1bd578b8a2be35f472597261e3fc81d8fe4ed4746f631a63782608f165de449feecac0965be37cd1e812998bb08ad807494ec0efad86802011a500014ee761b0d8692a00cf250eb052e40f1a511dbe2ff4b9525097c94ca925cc9e7b6713c51df69fcc1655330a900e1f984e8d25a8eeb288adca8bb09f13427451afc84409fc845dcd846d09d1b713626cb9b1b427c71af9ec10eca419b00a5c81e3c45431c61e966524c9c9212d4645c95bf84d42c95e5aa22c712ef6b1f662474b36911a71e54561052c3407b6de8046c94a7b410345c4eca5237576ee15b153bb25c1de60a4fb3c251198dc5de94f57bf2a1af6913de2709a61db0f2c5ef6b8aa37c729b1eca2e29664db24485499db993604172cf4b5d9a877588495ccd8a9e20fb84ff8252347dbd15323556e0eee115957157a2b525297a6b05c8caed7a62b6c2ab96a10b2affca5039edd5dcdccfc6b856554c97df72a1492bab569505434226ea4d7a349ae4e8c040d260b634a84d82a8a8d06120adb482d1f6f5c1dff00ca3d171b4b8dc68ea4b6da8f74b70ab0daded15d92a94ab2a808551f22e75885b616b98d1d3925a254b4ab4e0dcff452dbef6938d65aa712c4961f5a3ecb5a11a7640d2a40d29fdc87876702ac2b893d15a8211552bdd77b7649742b0eaf4baa8197b696edaad0afc638a71d61d4ab7719709723ba439eeb65b97f72197946be31d3488d1f45f75d2b404e97ed0d2dcfb7769f504b1e3d1df87fd1b659455d12ca51edeecc35f76254ef2052652b2e5c424a05615a469c711b97068b9f6ee04bad36a1f05635f19f2a658090e4aec42de569c795bfbcad25c24c957fade3fb25ae1ef464b21e8cdc431a5456fbe2c1245155bc134f7eaeeb5860fc3752005a12741b4e8f601b8dbb93bfbc3464243865fd9c99b69c9a4e8bc4ebdc3bb6a21531dda1f18d62aaf8efd2ceab15539c4568263b2368b094134d3dcf72de2b63b640010a58dcbba2ad770d158d2df034e39f753a521d7d7a53ab3af715a0a569b51d71f6328ca7315e458d4644ee49e3e821ee6ae286449f23b87585633cc9c6992ac1047d3e4c7115a4a971541d037f8c258154375d87d84890f11a52fedbeb73a513b1dce94523486cb9a5a5234b8ee1d2d9edd6f1c1716eadd908622b58e5a5755bd98c7a78f9808837894f2673d64c53436b661c4714f907956073a3bed488ff004e51c5b8164cde47e2abcca6de3cda99d5ed77dd29f256a438ad2d4d20fbf13466c54e987254931309e48b110f81f9b26ea1f8bbcd32045f0eb3b77517c2965421f85dc7cdeb91fc75e20c2b044c07633f23e2be4a0979ac81914319ca00eb81ff0092f2a6484b556f2c71b600e6479ba5294a7ebe4be13c3b3ed48f10f32876113c45ca5c313c3bc6f781e29f1445d42e05e2387a83816110034c30ca7eaf2371fb1b9e32ef49d38a656962a62bb26db094b754dd04f58355203959c759dcd15fc01cc33cf09704c9c2a674f71c55c7370ec9f1cf881f327c5ce3158c57854d155d76190a85d7e363489fd7fb6df77f12ff00ffda0008010202063f005dad5c6fffda0008010302063f00cc42d1ee7a9007a8021eff00ffda0008010101063f00ff0089833b883a4b9521ff004bc3bbcd134e011afbb1a5fb00df6f57ed57759eb91c1b22f65190bde4641171678b57919684dc278863e6a1ff00b991588f0a83a97c63f5ccef877e1be10b9f97c3e43064e764bb0844abb1c2c718d4c11baba99d3ad471786ce893b1d98dc330bbe9078d84cd58593f1f8ce8a79232b8673ad1c8f187ecac636a47a9ae7ab53a90c85a4bc641b5b48b7a684fc3335d1c6d56562ac3c60834b164ce389632dbf0f2d7bc361f6c5a4fbd51c3c730e5e1b2358364467be881e72b61228f007a8b8870cca8b330a6178b22160e87c6394728fd63897c439235fe523b63c3cb24ee74449ef3917fb345e63639791de664a06d66964bc8c3a769eb357e5f84e1c583818d1177eed4066545b9777ed48d6fa4c6b3be21e22e5e5ca63dca0d8b140bb228d798227ef375aa4f87b8b4f3f07f88a6d4fc2f8940e1a29ca8d4d0c90b8d3ad546b528f1ebeb7d2a932b022fe7bc363b9eff0002ed2aa8db7780fe27ee7794d14e089109574716208de0835f88963cfcf58df02652687cd9e6970f301d8666018c4fedd888edf57ed7eb1c1fe0dc66bb13fccf3c0e61aa3c743e3ef1ff007294bb5ecc360d9b8d674116c932387ca91fb4f0103d3412d636b11d236561f19c4631c98191164c6e7659a370c3cb6b1a4917b2ea187808bd41c0b0b8362a717c78a3c9e21c6d468c86ef436980e9b2bae9d323349adbb3a34fd2c5873e76c4c396544c8cb55d66246601a4d371ab403aad7ae1583c4a7832cccb066f0be25885bb968fbcd85430166d4bd6f6bb55165e3b892195432b0e9de3c5fabfc493b9eae3640c28ba1715045fd6563573c9b6b0db7868233e1050571ce1f6b360f10c9874f30495ade6a9001d62a41b780d70bc8dfdf624125fda894fcf5f144c4dc4799f9653d18f1ac3e94a37dd6aff00f3df88dc16cfe098b858d94c46deeb2b1d06df62548ff7ab1385674b7e1bc574aa6a3b239d859585f76aecbfea53f12e27951e1e0e32979f2666088aa39c9f30fa54f1704e1597c595490325cae2c4dd2ba83c96f6a35afc2f86b1a343bbbdc9909f320f456acae098ca4ed50b90eb7fde5bf9a88e1f06070f8f935234cd6f69dd17eed66f14ce96293373a67c8c970510192462cc40d640da792aef124c39555e317f4d2261f13e25124602c6067c842802c0001b70acde27952bcf9327e264cf2317767b952ccc7b44e9a79ae19485baef3b4d41898bc7244c5c68d21c78ce3e3b698d142a8b98c93651cb593c478803366664af919531054bc923167620586d635d586fd176f5d37c2fc5df15f84652c70ba2e2ac6ea226578f4329ead991792a2d24ac903ea4237817d42b1f17e22c39619d2345932e02240e4281aca10b6d5bf63352887e20c785dbfbbc9d501ffcc017cf5af03360cb4dfaa095241f749f96972721c450428d24b2b1b2aa20d4cc4f3002a493bd7c6f8570a42386610b8ef2c6c2795476e57fa03fbb5f79983325e4fa29cdcd7b72d473c8ad24d3b68c7812c0b310762dc103606679187e1a7da68e84b9d9a617906cc6c4fc303da936cafefbd13f9bc863b8fe2b1f9e894ca9801f59f56cf1d6b339201b12ca87e6a332ba15dbb74283e6b54d0b5877b18049d9b4ddbfb553635c89233a4a9e8dde7abbf7aa0734a7d054d025a523da46f4a8aed3ece748cfce2a0576661dea9daaabcbd1510b75648918f8d452a004e9ea9b2ab5c6f1daada84f8638fd7424c632c1203b1e20236bf85581a4fcbf19c9c8816d7c6cd5195190393aeccebee32d2f09e290a70cf882dd48d5898322c2e7bad7d747b6dee9fdc77f94e25142c567e2af0f0e8caec369dff13cb12c82895ff6b8634c56da19febffcbeefd6a48d6cd34a555546deb39b20acf38d8a274c38d30f1e42e17493b24201e5758e3bb52c92e2b44840d2176f9e8864716dbd9ab39651ec915a1641606f6b1f2d7731ed70770e5ad139eee467b5b73000017a699251232803bc1ca392f4d164c80dc6c7077d1fc456037530765d245f6db7d2774a0b0753d51b761bf252ac522398a3540ac45b60dd52b657548b688cdb65fa796b93c75b08f051da08a873f12530e4e33acb14886cca54860548e6b5eb85f1a6004d9508fcc28dc2642525b746b56b7c9fc3783992b263cb939392ea9db66861d08aa0f2969aa0823c78e0926d0648a15d2bb801d517dafd476fa3aab1f1b88633e2cf8b28c89b1e55d2c8918ef16e3a502b564e5b775aa59ae4ba2331bc4877b0246faef12342c06d2a154f91682ea741b80d4d41972655b8d9d63b051ff55292bce41f48ab26413e25f0f3500f97651b94a476fead3c7dfa953b18048f6dbdda31ea002f3aa9f48a07bc5d9c9a13d542ecbb761eaafaa92cca3941d2beaa2dad0df79d0a2c7c405293a4df985879aaf65f3fae8d941f2d6d8c5b9f6d4a74804293e4142326e20ceca8d7a06a0ffdaf93c1e178539960864fc8020031ebd779590fb4ba1daff46a6e35c455b1a09a2c83c271cff1e6511bc51ba25c3244bab577edf87d4ea6aae35c5e462ed062086267376b94d36bdf9145aa5eeb894d8c03464c08a8576e344d7da2fb6f4d28e2923b1042a6941bb76db5413e44ece8ea1d4db941b11e5a5b655d54764ea523c86a39a094b09a4ee546b1a99adc8bab55bed766b4cb92ec41b6a0481e2b1a024791edb0ea6f9a8e9671e035d5670c796f5b657b55c48e1bc7eba0c677b8e5bfeda25a790dfed57f1a43e3ab77cc0788fcd45a2915b79208e6e91ba994a22db7a9b5e9e450ac8e8482091c9b46eacb20dc7f329ec7c31c67e4b3667cb18734b1b41893956722791488c2aa82c5b554b9d8fc3a55e3491df1e5c9971644c31225d4a3cf2470348db3f15926d3d9ed567f10cde210b64e63775912cd9d0e464bc4acada55b59b2f5772a7d9fb35c51598264654af6463662aa8003b7daacf8c9be88b15c7bd8910f9a9611bc29b8ac49de3d5f96c9922d43eaeb56b1fdfa9028eb29dabcd7a69d8ea9122291fd9ef491b3ddd7573cbb6b9fa2b7f96b7d6d357b782ac3c67f47a7f411c9cf4c83648a094239403bbcf52a1deace87d23ccf4f21fa59ae6fce7b886ff25c472f1b19f33220c79648b1631779195490aa39cd713c4790e42636563e2b4e627843992533485124b481372adfb4abaa8b1e437b72d46d314d463661f84356867e57d5fd9ae2880d97f2984a7da18f1d4c012d61bcd6586dff009bd49e06283fb3513981a2c979a31a8ee201bb7dd534ca370603f7545bd26873f350de0d6df5d747255ef42fe3ab56fdd5e1ab8df57becb6ea88a6d24b9b72dacb596dff0088bb3a746df454090925d72f2167b8b59c15161cfd4d1f27f164a4ead1c6a2407a232d179ad40731e6ad22450bf9750a3ba74276fd62c56b8adc58f7788b7e918f1dea6bf2935c4f1b923104a078d8b5426170c2361b0106c4a383e9a3ae4504b9d84eddc07cd42eebb3a6bf880f4576fcc6bb5bba0d76881ec9f551ebede7b1f551eb1b7483eaadae2dcbb0faabb771bf71f55768f90faab7f8ec6a320de208c0b58d85c5fd2056738d96912c0ecdea7d5586ebbf23272a56f0f7cc9e84f93f8cb201eb371496556e5eae4bd8d2edda4deb2833131a63b6943b85b6d71393b224c855b74246ab6f354ebbac77565321b6b8155fc77a8ddf122d4a149257940e9ad6204076ee161e6a1a5074ece6ad88bb776c15b514ecb6e06ada547840adc2c0f30aeaa81d36156d9bf9856e1e4adc3c95c83c55720792af6acab6ed518b78435701115ed2c2f3b6a37ebcb2b3b78ae7e4fe2195b7cb2c928e9bcee6908e7acbe98596de2aca26dd6c993cc6d59079dbcd59a8016718f0903c6d7afe690cb8b162b95eea19d8ac855bb2fd51200a6fd5d47ad52c126385961768e456602cc84a91e5144f751f8dff00656e881e5db5b3bbab5e3e9db5b648c0f1d58e44639f7faeb6e545bf6ec3ebaff751f881f9dab6e620f17fd55fefd3c9fb6badc414f8109ad9984f817f61ac81de348b60d722c0583782be1c27ff006c4792471f37c9166215402493b80ae2d12b86bf7aaaea0956025620823659af71486fca2b27ed467cf528b6d39331fbe47cd53f86b3935328ee2152435b76b35f0b0e0724d83c5a6c6c68ce508a39641134579741903682cc22e4f66a6c99e5c99279dda49a46080b3b9d4cc768de4d0fe31e93a7fe6a3fc4bf857d756ebdbdafdb5d963e16abf740db9dbf6513dca6de42c7d542d1c77f09343ab10f758fcf5b047e253eba3d8ddc8bfb6b78b7b22b7f987aaa66da4777e92457c39ffc76ff0039fe49a36daae0a91d045ab8ac0a3fdb34d10209b591d86edbcd4a7a69b99940bf8c0a661cb34c6fe195ab209dfa88ae21aedb5e18ee4ee5b6df4d7f2be1b9825c9e1b243688232f74b1b771a1c91656eaf557e976aafde0b9dfb6bb60f8eb61ad9fa1c40d18914a05590900eb6d3bc735e9d54628456281cbd81218afd220daebcd460cc92379b409088ae5406b15eb5ceab8357df5d66f00ad8a6dce45bd36ae4f2faab9fcb53023e828bdb66d6af878837b4530f26449f24cc772824f8ab8d496d92b4d2789d98fcf40d74f54783ae2814dabae43e591aa40394827c7525cda292601bc0028ad278abba0b755e3009d22cba88ed6907abab5511f98d5d3a2afde86e7ea0a3d6423a507cd44e8d87714623cc76569bdcfd56eab7aaacc4a9b5ad7d26aefa9b6f2bb7ae888d426adfca4fcf5a56fec8dfe3e45ada749e509f3b1da6bb03c276fa6ac0003a3f44e7a621f781f9ebe1e3cf1cfff00d993e4b31d7b4b048c3c2109acb0dfde404dfa6948e6a70772b28fbe29376ad526df7cd393f587a6a1502c5e7371d008e7f056d16f2d1db5beb7d5b9288600f86bf0e4b0fa8db479e993a9755d5f485f6db70afc47f7505bcf5ddc6a02f30ae9ae8fd02b239bbc8fcd635f0ca9ded8eeff00bf33b0f31f929613ba54643ef0b518ed62bde40de15bafa4529e8bd65447e83a9b7bc0d0e70ce0f3f6cd11cad20f39ac05bdb51671e5344dfc757bd5ef5be8f3d5cfe8627ea11e706b656eab5bfa13f39907981af86f01859e0e1d8c1c6eb3344acdf78fc9f1ce1cc34fe5f88e4041f65a52e9e5522801c85d4f89c8f4565a8fa71871ee9db5191bcb4849f039ad5bc77a3c80d612936d18eac7c2c01aed5e8edab5eb7edfd3b369a663f56d6f1d6c1b6b756eadd5baae775707e0b24890e2e4e62c999348ca8ab8f0dde4dac40bb28d2a3e9505938a61c28a2c034f128000e96a072be24e1b15f70395093e40c4d5dfe29c0f765d7fd5068aff003eef6dcb163e430f2f77462e17c7b1ce4017fcbe4138d26d36d8b304d5ee6aa041b83b41fe937c69c031db275228e318912969018c59721546d61a00596dd9d3afeb5381b19aeda79430ed0a96dc8ac0f8197d62b403b63694117ddd7247a68739626980dd1a2a0bf40ab7255b9ffa3614c6dd51b2f56517357d26d5d6b0f09b558cc83de146280e90b6bbdae4dc5f65025bbf9cef67ec827902d4232b85e17196cb31269ce32858cb903aa91b22df6f69ab8ce1f09709818f972c58a818b8088d6b06bed5b83a6ae65161b48d44508718a06b1779247558d5145d99d98ec51ff4af5ab4e3e5cd9b92a6cf2ac0b0e3817b123593349e348a8de4b03c845be6ac3c2c8cb938b7c305c265604cc5cc519def8cedd6465ed777fc27fbd5164447545322c91b6ebab0b83e43fd290714e0f8e7224ffd6c2821c956fac258f4beaf6b554d3fc39c60cf756ff439c8159b65c0134765d5ed45595c3b8841263e440c63c98dc10f1c8bd53a97eab5b7d42a3aca5fb437739f3548c37b1abd8db9ebf1258d0fda651f3d6c9d1bd9bb7a2f5b4bb7b2a7fb5a6b4e270fc8c86e408351fb9aebfd0fc27c42507737713dbca63515f87f0d9801dc6778a3b7f892aff5682ccd8184bccf9086dfe1a4be9a1f9df89b0a00778884f25beec340e7fc5d339e558b17e7799bfab40e6717e2790797418221fe5b9ae2dc74479d3e663c253044d95b1b2653ddc3d5454d56760c57eaad2cc89deecb3a8d848e71cc6999c3290768917713d22966866b4a86ead1b0b83d1591c332f01a5c99dc4afc49650b2965dd7d51c961a7abf86f1fb35df4adc4e20a8f7c68a68a40f25ba83bc755d09abb7aa2929a5857f2e85aeb1ab1200bdc0bf2d0491b6729005cdabb048e73b3d35c1785482f1e46547df01b48850eb97a3f86ad41545940b003900f905c9cf47c2e2f1ae98b89e2d965b0dc2407648a3a7adf6a99b86f19e1f958ad7d3264ac9138e92a8adb7dfa1f9ef8a71e043bd716066f39eecf9e81e25f10e6e573848d13fcc69a81962cdca237f7990101ff000562a1a3e1cc7948fa590d2cfe691d850fc97c3fc3b1caee68f16107cba6f5a618d635faa8028f37f4f25787c4d3cd81910e6bc282ecd145a849651dad2afafddab8b11d15f88158f4817f28b524ab18961561dfe302119d37f524d2fa4fbad5171de0b2cb93c2a7c87c568254b64c13226b28fa2e922daff8a9ef2ad75f1667b5f746cdbad7dc3a45772985377b7b777dd36abdaf6b5af40e0fc35c4a7bee618b285f2b2aad2e9e007150fd3ca9e0880f08d6cff769f8e71dca8b2b8cbc662c7871f518a057ed9d6c14bc8dd9ecaaaafeb0d3711f8770a599cdde558844e49e52d1e86357fe4662e88f272547f9869ce1fe7f064616568b24b8047d9944952f059f8a0e23c219a578d6487bb93f188d71be87d2e8d6eb76755641938343c4b1a793bd699809e543a02757bd0d269b28eaeaa5cee098f270ee39a9157444ea92804029201f8654af4eaffb035e91afeb5b6f97fe137fffd9, 'b1.jpg');
INSERT INTO `image` (`image`, `name`) VALUES
('', '');

-- --------------------------------------------------------

--
-- Table structure for table `parts`
--

CREATE TABLE `parts` (
  `PID` int(11) NOT NULL,
  `PNAME` varchar(255) DEFAULT NULL,
  `COLOUR` varchar(255) DEFAULT NULL,
  `WEIGHT` double(10,3) DEFAULT NULL,
  `CITY` varchar(255) DEFAULT NULL
) ENGINE=InnoDB DEFAULT CHARSET=latin1;

--
-- Dumping data for table `parts`
--

INSERT INTO `parts` (`PID`, `PNAME`, `COLOUR`, `WEIGHT`, `CITY`) VALUES
(200, 'P1', 'RED', 2.000, 'LONDON'),
(201, 'P2', 'BLACK', 2.000, 'NEWYORK'),
(202, 'P3', 'YELLOW', 2.000, 'PARIS'),
(203, 'P4', 'RED', 2.000, 'LONDON'),
(204, 'P5', 'BLUE', 2.000, 'TOKYO'),
(205, 'P6', 'GREEN', 2.000, 'TOKYO');

-- --------------------------------------------------------

--
-- Table structure for table `projects`
--

CREATE TABLE `projects` (
  `JID` int(11) NOT NULL,
  `JNAME` varchar(255) DEFAULT NULL,
  `CITY` varchar(255) DEFAULT NULL
) ENGINE=InnoDB DEFAULT CHARSET=latin1;

--
-- Dumping data for table `projects`
--

INSERT INTO `projects` (`JID`, `JNAME`, `CITY`) VALUES
(300, 'J1', 'LONDON'),
(301, 'J2', 'PARIS'),
(302, 'J3', 'NEWYORK'),
(303, 'J4', 'TOKYO');

-- --------------------------------------------------------

--
-- Table structure for table `shipment`
--

CREATE TABLE `shipment` (
  `SID` int(11) DEFAULT NULL,
  `PID` int(11) DEFAULT NULL,
  `JID` int(11) DEFAULT NULL,
  `QTY` int(11) DEFAULT NULL
) ENGINE=InnoDB DEFAULT CHARSET=latin1;

--
-- Dumping data for table `shipment`
--

INSERT INTO `shipment` (`SID`, `PID`, `JID`, `QTY`) VALUES
(100, 200, 300, 150),
(100, 203, 301, 150),
(100, 205, 302, 100),
(100, 202, 303, 200),
(101, 203, 300, 50),
(101, 202, 302, 150),
(102, 205, 301, 100),
(102, 202, 302, 200),
(102, 201, 303, 20),
(103, 200, 300, 90),
(103, 201, 301, 200),
(103, 202, 302, 40),
(103, 203, 303, 50),
(103, 203, 303, 350),
(100, 202, 301, 450),
(102, 201, 300, 350),
(103, 203, 303, 350),
(100, 202, 301, 450),
(102, 201, 300, 350),
(103, 203, 303, 350),
(100, 202, 301, 450),
(102, 201, 300, 350),
(101, 200, 300, 320);

-- --------------------------------------------------------

--
-- Table structure for table `shipmentcopy`
--

CREATE TABLE `shipmentcopy` (
  `SID` int(11) DEFAULT NULL,
  `PID` int(11) DEFAULT NULL,
  `JID` int(11) DEFAULT NULL,
  `QTY` int(11) DEFAULT NULL
) ENGINE=InnoDB DEFAULT CHARSET=latin1;

--
-- Dumping data for table `shipmentcopy`
--

INSERT INTO `shipmentcopy` (`SID`, `PID`, `JID`, `QTY`) VALUES
(100, 200, 300, 150),
(100, 203, 301, 150),
(100, 205, 302, 100),
(100, 202, 303, 200),
(101, 203, 300, 50),
(101, 202, 302, 150),
(102, 205, 301, 100),
(102, 202, 302, 200),
(102, 201, 303, 20),
(103, 200, 300, 90),
(103, 201, 301, 200),
(103, 202, 302, 40),
(103, 203, 303, 50),
(103, 203, 303, 350),
(100, 202, 301, 450),
(102, 201, 300, 350),
(103, 203, 303, 350),
(100, 202, 301, 450),
(102, 201, 300, 350),
(103, 203, 303, 350),
(100, 202, 301, 450),
(102, 201, 300, 350),
(101, 200, 300, 320);

-- --------------------------------------------------------

--
-- Table structure for table `suppliers`
--

CREATE TABLE `suppliers` (
  `SID` int(11) NOT NULL,
  `NAME` varchar(255) DEFAULT NULL,
  `STATUS` int(11) DEFAULT NULL,
  `CITY` varchar(255) DEFAULT NULL
) ENGINE=InnoDB DEFAULT CHARSET=latin1;

--
-- Dumping data for table `suppliers`
--

INSERT INTO `suppliers` (`SID`, `NAME`, `STATUS`, `CITY`) VALUES
(100, 'S1', 12, 'LONDON'),
(101, 'S2', 9, 'TOKYO'),
(102, 'S3', 15, 'NEWYORK'),
(103, 'S4', 11, 'PARIS');

--
-- Indexes for dumped tables
--

--
-- Indexes for table `customer`
--
ALTER TABLE `customer`
  ADD PRIMARY KEY (`CUST_ID`);

--
-- Indexes for table `dept`
--
ALTER TABLE `dept`
  ADD PRIMARY KEY (`DEPTNO`);

--
-- Indexes for table `emp`
--
ALTER TABLE `emp`
  ADD PRIMARY KEY (`EMPNO`);

--
-- Indexes for table `parts`
--
ALTER TABLE `parts`
  ADD PRIMARY KEY (`PID`);

--
-- Indexes for table `projects`
--
ALTER TABLE `projects`
  ADD PRIMARY KEY (`JID`);

--
-- Indexes for table `shipment`
--
ALTER TABLE `shipment`
  ADD KEY `SID` (`SID`),
  ADD KEY `PID` (`PID`),
  ADD KEY `JID` (`JID`);

--
-- Indexes for table `suppliers`
--
ALTER TABLE `suppliers`
  ADD PRIMARY KEY (`SID`);

--
-- Constraints for dumped tables
--

--
-- Constraints for table `shipment`
--
ALTER TABLE `shipment`
  ADD CONSTRAINT `shipment_ibfk_1` FOREIGN KEY (`SID`) REFERENCES `suppliers` (`SID`),
  ADD CONSTRAINT `shipment_ibfk_2` FOREIGN KEY (`PID`) REFERENCES `parts` (`PID`),
  ADD CONSTRAINT `shipment_ibfk_3` FOREIGN KEY (`JID`) REFERENCES `projects` (`JID`);
--
-- Database: `company2`
--
CREATE DATABASE IF NOT EXISTS `company2` DEFAULT CHARACTER SET latin1 COLLATE latin1_swedish_ci;
USE `company2`;

-- --------------------------------------------------------

--
-- Table structure for table `city`
--

CREATE TABLE `city` (
  `CITY_NAME` varchar(255) NOT NULL,
  `POPULATION` bigint(20) DEFAULT NULL
) ENGINE=InnoDB DEFAULT CHARSET=latin1;

--
-- Dumping data for table `city`
--

INSERT INTO `city` (`CITY_NAME`, `POPULATION`) VALUES
('DENVER', 900000),
('SANFRANCISCO', 2000000),
('SIOUX', 700000),
('ST.LOIS', 800000);

-- --------------------------------------------------------

--
-- Table structure for table `customer`
--

CREATE TABLE `customer` (
  `CUST_ID` int(11) NOT NULL,
  `CUST_NAME` varchar(255) DEFAULT NULL,
  `ANNUAL_REVENUE` int(11) DEFAULT '20000',
  `CUST_TYPE` varchar(255) DEFAULT NULL
) ENGINE=InnoDB DEFAULT CHARSET=latin1;

--
-- Dumping data for table `customer`
--

INSERT INTO `customer` (`CUST_ID`, `CUST_NAME`, `ANNUAL_REVENUE`, `CUST_TYPE`) VALUES
(100, 'abc', 1800000, 'MANUFACTURER'),
(101, 'bcd', 750000, 'WHOLESALER'),
(102, 'cde', 30500000, 'WHOLESALER'),
(103, 'def', 2200000, 'RETAILER'),
(104, 'efg', 350000, 'MANUFACTURER'),
(105, 'fgh', 6000000, 'MANUFACTURER');

-- --------------------------------------------------------

--
-- Table structure for table `shipment`
--

CREATE TABLE `shipment` (
  `SHIPMENT_ID` int(11) NOT NULL,
  `CUST_ID` int(11) DEFAULT NULL,
  `WEIGHT` float DEFAULT '10',
  `TRUCKNO` int(11) DEFAULT NULL,
  `DESTINATION` varchar(255) DEFAULT NULL,
  `SHIP_DATE` date DEFAULT NULL
) ENGINE=InnoDB DEFAULT CHARSET=latin1;

--
-- Dumping data for table `shipment`
--

INSERT INTO `shipment` (`SHIPMENT_ID`, `CUST_ID`, `WEIGHT`, `TRUCKNO`, `DESTINATION`, `SHIP_DATE`) VALUES
(300, 102, 105, 203, 'SANFRANCISCO', '2017-01-01'),
(301, 100, 50, 201, 'SANFRANCISCO', '2017-01-01'),
(302, 101, 350, 202, 'SIOUX', '2017-01-03'),
(303, 104, 25, 201, 'SANFRANCISCO', '2017-01-04'),
(304, 105, 0.5, 203, 'SIOUX', '2017-01-05'),
(305, 102, 0.25, 202, 'DENVER', '2017-01-06'),
(306, 102, 75, 201, 'DENVER', '2017-01-07'),
(307, 103, 150, 203, 'ST.LOIS', '2017-01-08');

-- --------------------------------------------------------

--
-- Table structure for table `truck`
--

CREATE TABLE `truck` (
  `TRUCKNO` int(11) NOT NULL,
  `DRIVERNAME` varchar(255) DEFAULT NULL
) ENGINE=InnoDB DEFAULT CHARSET=latin1;

--
-- Dumping data for table `truck`
--

INSERT INTO `truck` (`TRUCKNO`, `DRIVERNAME`) VALUES
(201, 'JENSON'),
(202, 'JAKE STINSON'),
(203, 'MATHEW');

--
-- Indexes for dumped tables
--

--
-- Indexes for table `city`
--
ALTER TABLE `city`
  ADD PRIMARY KEY (`CITY_NAME`);

--
-- Indexes for table `customer`
--
ALTER TABLE `customer`
  ADD PRIMARY KEY (`CUST_ID`);

--
-- Indexes for table `shipment`
--
ALTER TABLE `shipment`
  ADD PRIMARY KEY (`SHIPMENT_ID`),
  ADD KEY `CUST_ID` (`CUST_ID`),
  ADD KEY `TRUCKNO` (`TRUCKNO`),
  ADD KEY `DESTINATION` (`DESTINATION`);

--
-- Indexes for table `truck`
--
ALTER TABLE `truck`
  ADD PRIMARY KEY (`TRUCKNO`);

--
-- Constraints for dumped tables
--

--
-- Constraints for table `shipment`
--
ALTER TABLE `shipment`
  ADD CONSTRAINT `shipment_ibfk_1` FOREIGN KEY (`CUST_ID`) REFERENCES `customer` (`CUST_ID`) ON DELETE CASCADE,
  ADD CONSTRAINT `shipment_ibfk_2` FOREIGN KEY (`TRUCKNO`) REFERENCES `truck` (`TRUCKNO`) ON DELETE SET NULL,
  ADD CONSTRAINT `shipment_ibfk_3` FOREIGN KEY (`DESTINATION`) REFERENCES `city` (`CITY_NAME`) ON DELETE SET NULL;
--
-- Database: `ecommerce`
--
CREATE DATABASE IF NOT EXISTS `ecommerce` DEFAULT CHARACTER SET latin1 COLLATE latin1_swedish_ci;
USE `ecommerce`;

-- --------------------------------------------------------

--
-- Table structure for table `brand`
--

CREATE TABLE `brand` (
  `brandid` int(11) NOT NULL,
  `brandname` varchar(255) DEFAULT NULL
) ENGINE=InnoDB DEFAULT CHARSET=latin1;

--
-- Dumping data for table `brand`
--

INSERT INTO `brand` (`brandid`, `brandname`) VALUES
(6, 'LEVIS'),
(7, 'VAN HEUSEN'),
(8, 'LP'),
(22, 'reebok'),
(27, 'parisbell');

-- --------------------------------------------------------

--
-- Table structure for table `category`
--

CREATE TABLE `category` (
  `categoryid` int(11) NOT NULL,
  `categoryname` varchar(50) DEFAULT NULL
) ENGINE=InnoDB DEFAULT CHARSET=latin1;

--
-- Dumping data for table `category`
--

INSERT INTO `category` (`categoryid`, `categoryname`) VALUES
(6, 'clothing'),
(11, 'FOOTWEAR'),
(12, 'WATCHES'),
(13, 'TOYS');

-- --------------------------------------------------------

--
-- Table structure for table `groups`
--

CREATE TABLE `groups` (
  `groupid` int(11) NOT NULL,
  `groupname` varchar(50) DEFAULT NULL
) ENGINE=InnoDB DEFAULT CHARSET=latin1;

--
-- Dumping data for table `groups`
--

INSERT INTO `groups` (`groupid`, `groupname`) VALUES
(18, 'mens'),
(19, 'womens'),
(20, 'kids');

-- --------------------------------------------------------

--
-- Table structure for table `pageview`
--

CREATE TABLE `pageview` (
  `id` int(11) NOT NULL,
  `pageview` int(11) DEFAULT NULL
) ENGINE=InnoDB DEFAULT CHARSET=latin1;

--
-- Dumping data for table `pageview`
--

INSERT INTO `pageview` (`id`, `pageview`) VALUES
(1, 938),
(2, 800),
(3, 900);

-- --------------------------------------------------------

--
-- Table structure for table `products`
--

CREATE TABLE `products` (
  `productid` int(11) NOT NULL,
  `brandid` int(11) DEFAULT NULL,
  `groupid` int(11) DEFAULT NULL,
  `categoryid` int(11) DEFAULT NULL,
  `subcatid` int(11) DEFAULT NULL,
  `productname` varchar(55) DEFAULT NULL,
  `price` float DEFAULT NULL,
  `discount` float DEFAULT NULL,
  `imagepath` varchar(255) DEFAULT NULL,
  `pdesc` varchar(255) DEFAULT NULL,
  `userid` int(11) DEFAULT NULL
) ENGINE=InnoDB DEFAULT CHARSET=latin1;

--
-- Dumping data for table `products`
--

INSERT INTO `products` (`productid`, `brandid`, `groupid`, `categoryid`, `subcatid`, `productname`, `price`, `discount`, `imagepath`, `pdesc`, `userid`) VALUES
(1, 6, 18, 6, 5, 'lev-men-cl-sh', 12, 1, 'sdf', '', NULL),
(2, 6, 18, 6, 5, 'asdfgfdhgfd', 0, 1, 'sdf', '', NULL),
(3, 6, 18, 6, 5, 'wdxrfc', 0, 1, 'sdf', '', NULL),
(4, 6, 18, 6, 5, 'mensshirt', 45, 1, 'sdf', '', NULL),
(5, 6, 18, 6, 5, 'edc', 456, 1, 'sdf', '', NULL),
(6, 6, 18, 6, 5, 'poiuhb', 85, 1, 'sdf', '', NULL),
(7, 6, 18, 6, 5, 'hjkghj', 7, 1, 'sdf', '', NULL),
(8, 6, 18, 6, 5, 'dxsdc', 1, 1, 'sdf', 'dcscddsx', NULL),
(9, 6, 18, 6, 5, 'vv', 1, 1, 'sdf', 'vvvv', NULL),
(10, 6, 18, 6, 5, 'bbb', 1, 1, 'sdf', '123', 95),
(11, 6, 18, 6, 5, 'xsdfgf', 1, 1, 'sdf', '', 99),
(16, 6, 18, 6, 5, 'paris', 12, 1, 'sdf', 'asdfgh', 103),
(17, 6, 18, 6, 5, 'bell', 45, 1, 'sdf', 'gfds', 103),
(18, 6, 18, 6, 5, 'redjsk', 12, 2, 'sdf', 'fghj', 104);

-- --------------------------------------------------------

--
-- Table structure for table `signup`
--

CREATE TABLE `signup` (
  `userid` int(11) NOT NULL,
  `username` varchar(255) DEFAULT NULL,
  `email` varchar(255) DEFAULT NULL,
  `pswd` varchar(255) DEFAULT NULL,
  `rpswd` varchar(255) DEFAULT NULL,
  `type` varchar(255) DEFAULT NULL
) ENGINE=InnoDB DEFAULT CHARSET=latin1;

--
-- Dumping data for table `signup`
--

INSERT INTO `signup` (`userid`, `username`, `email`, `pswd`, `rpswd`, `type`) VALUES
(95, 'danishkt', 'danishktabbas@gmail.com', '123456', '12345', 'supplier'),
(96, 'danicustomer', '123@gmail.com', '1234', '123', 'customer'),
(97, 'dani1cst', '12345678@gmail.com', '123', '123', 'customer'),
(98, 'samran', 'samran@gmail.com', '123', '123', 'supplier'),
(99, 'imrananwar', 'imran@gmail.com', '123', '123', 'supplier'),
(100, 'dani456', 'dan@gmail.com', '123', '1', 'customer'),
(102, 'dani852', 'ghj@gmail.com', '456', '456', 'supplier'),
(103, 'danish.kt', 'dan.@gmail.com', '456', '456', 'supplier'),
(104, 'nisam123', 'nisam@gmail.com', '123', '123', 'supplier'),
(105, 'iamdanish', 'dani4785@gmail.com', '123', '123', 'customer'),
(106, 'danish457', '1245@gmail.com', 'secret45', 'secret45', 'supplier');

-- --------------------------------------------------------

--
-- Table structure for table `subcategory`
--

CREATE TABLE `subcategory` (
  `subcatid` int(11) NOT NULL,
  `subcatname` varchar(50) DEFAULT NULL
) ENGINE=InnoDB DEFAULT CHARSET=latin1;

--
-- Dumping data for table `subcategory`
--

INSERT INTO `subcategory` (`subcatid`, `subcatname`) VALUES
(5, 'SHIRTS'),
(13, 'PANTS'),
(14, 'SHORTS'),
(15, 'SAREES'),
(16, 'CHURIDAR'),
(17, 'boots');

-- --------------------------------------------------------

--
-- Table structure for table `supplierdetails`
--

CREATE TABLE `supplierdetails` (
  `sd_id` int(11) NOT NULL,
  `userid` int(11) NOT NULL,
  `fname` varchar(25) DEFAULT NULL,
  `lname` varchar(25) DEFAULT NULL,
  `phone1` varchar(25) DEFAULT NULL,
  `phone2` varchar(25) DEFAULT NULL,
  `address` varchar(50) DEFAULT NULL,
  `city` varchar(25) DEFAULT NULL,
  `state` varchar(25) DEFAULT NULL,
  `zipcode` int(11) DEFAULT NULL,
  `web` varchar(50) DEFAULT NULL,
  `cod` varchar(10) DEFAULT NULL,
  `description` varchar(255) DEFAULT NULL
) ENGINE=InnoDB DEFAULT CHARSET=latin1;

--
-- Dumping data for table `supplierdetails`
--

INSERT INTO `supplierdetails` (`sd_id`, `userid`, `fname`, `lname`, `phone1`, `phone2`, `address`, `city`, `state`, `zipcode`, `web`, `cod`, `description`) VALUES
(15, 95, 'danishkt', 'abbas', '12316', '123456', 'asdsdsdf', 'sdfasfd', 'Colorado', 456789, 'danish', 'yes', ''),
(16, 98, 'samran', 'anwar', '46235', '45645', 'asdfgh', 'sdfgh', 'Alabama', 45678, 'asdf.com', 'yes', 'asdf'),
(17, 98, 'samran', 'anwar', '46235', '45645', 'asdfgh', 'sdfgh', 'Alabama', 45678, 'asdf.com', 'yes', 'asdf'),
(18, 99, 'imran', 'anwar', '456', '456', 'ghjk', 'ghjkl', 'Alabama', 456, 'asdf.com', NULL, ''),
(19, 102, 'danish', 'abbbas', '456', '456', 'fdsads', 'fdsa', 'Arkansas', 456, 'fdsa.com', 'yes', ''),
(20, 103, 'danish', 'abbas', '456', '5656', 'dfghjk', 'ghjkl', 'Alabama', 456, 'dfghjk', 'yes', 'sdfsdf'),
(21, 104, 'nisam', 'op', '123', '456', 'sdfgh', 'cvghj', 'Alabama', 456, 'dee.com', NULL, '');

--
-- Indexes for dumped tables
--

--
-- Indexes for table `brand`
--
ALTER TABLE `brand`
  ADD PRIMARY KEY (`brandid`);

--
-- Indexes for table `category`
--
ALTER TABLE `category`
  ADD PRIMARY KEY (`categoryid`);

--
-- Indexes for table `groups`
--
ALTER TABLE `groups`
  ADD PRIMARY KEY (`groupid`);

--
-- Indexes for table `pageview`
--
ALTER TABLE `pageview`
  ADD PRIMARY KEY (`id`);

--
-- Indexes for table `products`
--
ALTER TABLE `products`
  ADD PRIMARY KEY (`productid`),
  ADD KEY `brandid` (`brandid`),
  ADD KEY `groupid` (`groupid`),
  ADD KEY `categoryid` (`categoryid`),
  ADD KEY `subcatid` (`subcatid`),
  ADD KEY `userid` (`userid`);

--
-- Indexes for table `signup`
--
ALTER TABLE `signup`
  ADD PRIMARY KEY (`userid`);

--
-- Indexes for table `subcategory`
--
ALTER TABLE `subcategory`
  ADD PRIMARY KEY (`subcatid`);

--
-- Indexes for table `supplierdetails`
--
ALTER TABLE `supplierdetails`
  ADD PRIMARY KEY (`sd_id`),
  ADD KEY `userid` (`userid`);

--
-- AUTO_INCREMENT for dumped tables
--

--
-- AUTO_INCREMENT for table `brand`
--
ALTER TABLE `brand`
  MODIFY `brandid` int(11) NOT NULL AUTO_INCREMENT, AUTO_INCREMENT=28;
--
-- AUTO_INCREMENT for table `category`
--
ALTER TABLE `category`
  MODIFY `categoryid` int(11) NOT NULL AUTO_INCREMENT, AUTO_INCREMENT=14;
--
-- AUTO_INCREMENT for table `groups`
--
ALTER TABLE `groups`
  MODIFY `groupid` int(11) NOT NULL AUTO_INCREMENT, AUTO_INCREMENT=21;
--
-- AUTO_INCREMENT for table `products`
--
ALTER TABLE `products`
  MODIFY `productid` int(11) NOT NULL AUTO_INCREMENT, AUTO_INCREMENT=19;
--
-- AUTO_INCREMENT for table `signup`
--
ALTER TABLE `signup`
  MODIFY `userid` int(11) NOT NULL AUTO_INCREMENT, AUTO_INCREMENT=107;
--
-- AUTO_INCREMENT for table `subcategory`
--
ALTER TABLE `subcategory`
  MODIFY `subcatid` int(11) NOT NULL AUTO_INCREMENT, AUTO_INCREMENT=18;
--
-- AUTO_INCREMENT for table `supplierdetails`
--
ALTER TABLE `supplierdetails`
  MODIFY `sd_id` int(11) NOT NULL AUTO_INCREMENT, AUTO_INCREMENT=22;
--
-- Constraints for dumped tables
--

--
-- Constraints for table `products`
--
ALTER TABLE `products`
  ADD CONSTRAINT `products_ibfk_1` FOREIGN KEY (`brandid`) REFERENCES `brand` (`brandid`),
  ADD CONSTRAINT `products_ibfk_2` FOREIGN KEY (`groupid`) REFERENCES `groups` (`groupid`),
  ADD CONSTRAINT `products_ibfk_3` FOREIGN KEY (`categoryid`) REFERENCES `category` (`categoryid`),
  ADD CONSTRAINT `products_ibfk_4` FOREIGN KEY (`subcatid`) REFERENCES `subcategory` (`subcatid`),
  ADD CONSTRAINT `products_ibfk_5` FOREIGN KEY (`userid`) REFERENCES `signup` (`userid`) ON DELETE CASCADE;

--
-- Constraints for table `supplierdetails`
--
ALTER TABLE `supplierdetails`
  ADD CONSTRAINT `supplierdetails_ibfk_1` FOREIGN KEY (`userid`) REFERENCES `signup` (`userid`);
--
-- Database: `hospital`
--
CREATE DATABASE IF NOT EXISTS `hospital` DEFAULT CHARACTER SET latin1 COLLATE latin1_swedish_ci;
USE `hospital`;
--
-- Database: `onlineacc`
--
CREATE DATABASE IF NOT EXISTS `onlineacc` DEFAULT CHARACTER SET latin1 COLLATE latin1_swedish_ci;
USE `onlineacc`;

-- --------------------------------------------------------

--
-- Table structure for table `acc_group`
--

CREATE TABLE `acc_group` (
  `ac_gruopid` int(11) NOT NULL,
  `under` varchar(100) NOT NULL,
  `narration` varchar(200) NOT NULL
) ENGINE=InnoDB DEFAULT CHARSET=latin1;

-- --------------------------------------------------------

--
-- Table structure for table `branches`
--

CREATE TABLE `branches` (
  `id` int(20) NOT NULL,
  `name` varchar(20) COLLATE latin1_danish_ci NOT NULL,
  `address` varchar(50) COLLATE latin1_danish_ci NOT NULL,
  `opening stock` decimal(20,0) NOT NULL,
  `reorder level` decimal(20,0) NOT NULL,
  `active` text COLLATE latin1_danish_ci NOT NULL
) ENGINE=InnoDB DEFAULT CHARSET=latin1 COLLATE=latin1_danish_ci;

-- --------------------------------------------------------

--
-- Table structure for table `brand`
--

CREATE TABLE `brand` (
  `brandid` int(11) NOT NULL,
  `brandname` varchar(50) NOT NULL,
  `narration` varchar(100) NOT NULL,
  `branchid` int(11) NOT NULL,
  `extradate` date NOT NULL
) ENGINE=InnoDB DEFAULT CHARSET=latin1;

-- --------------------------------------------------------

--
-- Table structure for table `login`
--

CREATE TABLE `login` (
  `id` int(20) NOT NULL,
  `username` varchar(50) DEFAULT NULL,
  `password` varchar(50) NOT NULL,
  `branchid` int(50) NOT NULL,
  `role` varchar(20) NOT NULL
) ENGINE=InnoDB DEFAULT CHARSET=latin1;

--
-- Dumping data for table `login`
--

INSERT INTO `login` (`id`, `username`, `password`, `branchid`, `role`) VALUES
(1, 'abc', 'abc', 1, 'admin');

-- --------------------------------------------------------

--
-- Table structure for table `product_group`
--

CREATE TABLE `product_group` (
  `groupid` int(11) NOT NULL,
  `groupname` varchar(50) NOT NULL,
  `narration` varchar(100) NOT NULL,
  `groupunder` varchar(30) NOT NULL
) ENGINE=InnoDB DEFAULT CHARSET=latin1;

--
-- Dumping data for table `product_group`
--

INSERT INTO `product_group` (`groupid`, `groupname`, `narration`, `groupunder`) VALUES
(1, 'toys', 'asdasdasd', 'primary'),
(2, 'primary', 'sa', '0');

-- --------------------------------------------------------

--
-- Table structure for table `unit`
--

CREATE TABLE `unit` (
  `unitid` int(11) NOT NULL,
  `unitname` varchar(50) NOT NULL,
  `narration` varchar(100) NOT NULL,
  `branchid` int(11) NOT NULL,
  `extradate` date NOT NULL
) ENGINE=InnoDB DEFAULT CHARSET=latin1;

--
-- Indexes for dumped tables
--

--
-- Indexes for table `acc_group`
--
ALTER TABLE `acc_group`
  ADD PRIMARY KEY (`ac_gruopid`);

--
-- Indexes for table `brand`
--
ALTER TABLE `brand`
  ADD PRIMARY KEY (`brandid`);

--
-- Indexes for table `login`
--
ALTER TABLE `login`
  ADD PRIMARY KEY (`id`),
  ADD UNIQUE KEY `id` (`id`);

--
-- Indexes for table `product_group`
--
ALTER TABLE `product_group`
  ADD PRIMARY KEY (`groupid`);

--
-- Indexes for table `unit`
--
ALTER TABLE `unit`
  ADD PRIMARY KEY (`unitid`);

--
-- AUTO_INCREMENT for dumped tables
--

--
-- AUTO_INCREMENT for table `acc_group`
--
ALTER TABLE `acc_group`
  MODIFY `ac_gruopid` int(11) NOT NULL AUTO_INCREMENT;
--
-- AUTO_INCREMENT for table `brand`
--
ALTER TABLE `brand`
  MODIFY `brandid` int(11) NOT NULL AUTO_INCREMENT;
--
-- AUTO_INCREMENT for table `login`
--
ALTER TABLE `login`
  MODIFY `id` int(20) NOT NULL AUTO_INCREMENT, AUTO_INCREMENT=2;
--
-- AUTO_INCREMENT for table `product_group`
--
ALTER TABLE `product_group`
  MODIFY `groupid` int(11) NOT NULL AUTO_INCREMENT, AUTO_INCREMENT=3;
--
-- AUTO_INCREMENT for table `unit`
--
ALTER TABLE `unit`
  MODIFY `unitid` int(11) NOT NULL AUTO_INCREMENT;--
-- Database: `phpmyadmin`
--
CREATE DATABASE IF NOT EXISTS `phpmyadmin` DEFAULT CHARACTER SET utf8 COLLATE utf8_bin;
USE `phpmyadmin`;

-- --------------------------------------------------------

--
-- Table structure for table `pma__bookmark`
--

CREATE TABLE `pma__bookmark` (
  `id` int(11) NOT NULL,
  `dbase` varchar(255) COLLATE utf8_bin NOT NULL DEFAULT '',
  `user` varchar(255) COLLATE utf8_bin NOT NULL DEFAULT '',
  `label` varchar(255) CHARACTER SET utf8 NOT NULL DEFAULT '',
  `query` text COLLATE utf8_bin NOT NULL
) ENGINE=InnoDB DEFAULT CHARSET=utf8 COLLATE=utf8_bin COMMENT='Bookmarks';

-- --------------------------------------------------------

--
-- Table structure for table `pma__central_columns`
--

CREATE TABLE `pma__central_columns` (
  `db_name` varchar(64) COLLATE utf8_bin NOT NULL,
  `col_name` varchar(64) COLLATE utf8_bin NOT NULL,
  `col_type` varchar(64) COLLATE utf8_bin NOT NULL,
  `col_length` text COLLATE utf8_bin,
  `col_collation` varchar(64) COLLATE utf8_bin NOT NULL,
  `col_isNull` tinyint(1) NOT NULL,
  `col_extra` varchar(255) COLLATE utf8_bin DEFAULT '',
  `col_default` text COLLATE utf8_bin
) ENGINE=InnoDB DEFAULT CHARSET=utf8 COLLATE=utf8_bin COMMENT='Central list of columns';

-- --------------------------------------------------------

--
-- Table structure for table `pma__column_info`
--

CREATE TABLE `pma__column_info` (
  `id` int(5) UNSIGNED NOT NULL,
  `db_name` varchar(64) COLLATE utf8_bin NOT NULL DEFAULT '',
  `table_name` varchar(64) COLLATE utf8_bin NOT NULL DEFAULT '',
  `column_name` varchar(64) COLLATE utf8_bin NOT NULL DEFAULT '',
  `comment` varchar(255) CHARACTER SET utf8 NOT NULL DEFAULT '',
  `mimetype` varchar(255) CHARACTER SET utf8 NOT NULL DEFAULT '',
  `transformation` varchar(255) COLLATE utf8_bin NOT NULL DEFAULT '',
  `transformation_options` varchar(255) COLLATE utf8_bin NOT NULL DEFAULT '',
  `input_transformation` varchar(255) COLLATE utf8_bin NOT NULL DEFAULT '',
  `input_transformation_options` varchar(255) COLLATE utf8_bin NOT NULL DEFAULT ''
) ENGINE=InnoDB DEFAULT CHARSET=utf8 COLLATE=utf8_bin COMMENT='Column information for phpMyAdmin';

-- --------------------------------------------------------

--
-- Table structure for table `pma__designer_settings`
--

CREATE TABLE `pma__designer_settings` (
  `username` varchar(64) COLLATE utf8_bin NOT NULL,
  `settings_data` text COLLATE utf8_bin NOT NULL
) ENGINE=InnoDB DEFAULT CHARSET=utf8 COLLATE=utf8_bin COMMENT='Settings related to Designer';

-- --------------------------------------------------------

--
-- Table structure for table `pma__export_templates`
--

CREATE TABLE `pma__export_templates` (
  `id` int(5) UNSIGNED NOT NULL,
  `username` varchar(64) COLLATE utf8_bin NOT NULL,
  `export_type` varchar(10) COLLATE utf8_bin NOT NULL,
  `template_name` varchar(64) COLLATE utf8_bin NOT NULL,
  `template_data` text COLLATE utf8_bin NOT NULL
) ENGINE=InnoDB DEFAULT CHARSET=utf8 COLLATE=utf8_bin COMMENT='Saved export templates';

--
-- Dumping data for table `pma__export_templates`
--

INSERT INTO `pma__export_templates` (`id`, `username`, `export_type`, `template_name`, `template_data`) VALUES
(1, 'root', 'server', 'onlineacc', '{\"quick_or_custom\":\"quick\",\"what\":\"sql\",\"db_select[]\":[\"company\",\"company2\",\"ecommerce\",\"hospital\",\"onlineacc\",\"phpmyadmin\",\"registration\",\"test\"],\"output_format\":\"sendit\",\"filename_template\":\"@SERVER@\",\"remember_template\":\"on\",\"charset\":\"utf-8\",\"compression\":\"none\",\"maxsize\":\"\",\"codegen_structure_or_data\":\"data\",\"codegen_format\":\"0\",\"csv_separator\":\",\",\"csv_enclosed\":\"\\\"\",\"csv_escaped\":\"\\\"\",\"csv_terminated\":\"AUTO\",\"csv_null\":\"NULL\",\"csv_structure_or_data\":\"data\",\"excel_null\":\"NULL\",\"excel_edition\":\"win\",\"excel_structure_or_data\":\"data\",\"htmlword_structure_or_data\":\"structure_and_data\",\"htmlword_null\":\"NULL\",\"json_structure_or_data\":\"data\",\"latex_caption\":\"something\",\"latex_structure_or_data\":\"structure_and_data\",\"latex_structure_caption\":\"Structure of table @TABLE@\",\"latex_structure_continued_caption\":\"Structure of table @TABLE@ (continued)\",\"latex_structure_label\":\"tab:@TABLE@-structure\",\"latex_relation\":\"something\",\"latex_comments\":\"something\",\"latex_mime\":\"something\",\"latex_columns\":\"something\",\"latex_data_caption\":\"Content of table @TABLE@\",\"latex_data_continued_caption\":\"Content of table @TABLE@ (continued)\",\"latex_data_label\":\"tab:@TABLE@-data\",\"latex_null\":\"\\\\textit{NULL}\",\"mediawiki_structure_or_data\":\"data\",\"mediawiki_caption\":\"something\",\"mediawiki_headers\":\"something\",\"ods_null\":\"NULL\",\"ods_structure_or_data\":\"data\",\"odt_structure_or_data\":\"structure_and_data\",\"odt_relation\":\"something\",\"odt_comments\":\"something\",\"odt_mime\":\"something\",\"odt_columns\":\"something\",\"odt_null\":\"NULL\",\"pdf_report_title\":\"\",\"pdf_structure_or_data\":\"data\",\"phparray_structure_or_data\":\"data\",\"sql_include_comments\":\"something\",\"sql_header_comment\":\"\",\"sql_compatibility\":\"NONE\",\"sql_structure_or_data\":\"structure_and_data\",\"sql_create_table\":\"something\",\"sql_auto_increment\":\"something\",\"sql_create_view\":\"something\",\"sql_create_trigger\":\"something\",\"sql_backquotes\":\"something\",\"sql_type\":\"INSERT\",\"sql_insert_syntax\":\"both\",\"sql_max_query_size\":\"50000\",\"sql_hex_for_binary\":\"something\",\"sql_utc_time\":\"something\",\"texytext_structure_or_data\":\"structure_and_data\",\"texytext_null\":\"NULL\",\"yaml_structure_or_data\":\"data\",\"\":null,\"as_separate_files\":null,\"csv_removeCRLF\":null,\"csv_columns\":null,\"excel_removeCRLF\":null,\"excel_columns\":null,\"htmlword_columns\":null,\"json_pretty_print\":null,\"ods_columns\":null,\"sql_dates\":null,\"sql_relation\":null,\"sql_mime\":null,\"sql_use_transaction\":null,\"sql_disable_fk\":null,\"sql_views_as_tables\":null,\"sql_metadata\":null,\"sql_drop_database\":null,\"sql_drop_table\":null,\"sql_if_not_exists\":null,\"sql_procedure_function\":null,\"sql_truncate\":null,\"sql_delayed\":null,\"sql_ignore\":null,\"texytext_columns\":null}');

-- --------------------------------------------------------

--
-- Table structure for table `pma__favorite`
--

CREATE TABLE `pma__favorite` (
  `username` varchar(64) COLLATE utf8_bin NOT NULL,
  `tables` text COLLATE utf8_bin NOT NULL
) ENGINE=InnoDB DEFAULT CHARSET=utf8 COLLATE=utf8_bin COMMENT='Favorite tables';

-- --------------------------------------------------------

--
-- Table structure for table `pma__history`
--

CREATE TABLE `pma__history` (
  `id` bigint(20) UNSIGNED NOT NULL,
  `username` varchar(64) COLLATE utf8_bin NOT NULL DEFAULT '',
  `db` varchar(64) COLLATE utf8_bin NOT NULL DEFAULT '',
  `table` varchar(64) COLLATE utf8_bin NOT NULL DEFAULT '',
  `timevalue` timestamp NOT NULL DEFAULT CURRENT_TIMESTAMP,
  `sqlquery` text COLLATE utf8_bin NOT NULL
) ENGINE=InnoDB DEFAULT CHARSET=utf8 COLLATE=utf8_bin COMMENT='SQL history for phpMyAdmin';

-- --------------------------------------------------------

--
-- Table structure for table `pma__navigationhiding`
--

CREATE TABLE `pma__navigationhiding` (
  `username` varchar(64) COLLATE utf8_bin NOT NULL,
  `item_name` varchar(64) COLLATE utf8_bin NOT NULL,
  `item_type` varchar(64) COLLATE utf8_bin NOT NULL,
  `db_name` varchar(64) COLLATE utf8_bin NOT NULL,
  `table_name` varchar(64) COLLATE utf8_bin NOT NULL
) ENGINE=InnoDB DEFAULT CHARSET=utf8 COLLATE=utf8_bin COMMENT='Hidden items of navigation tree';

-- --------------------------------------------------------

--
-- Table structure for table `pma__pdf_pages`
--

CREATE TABLE `pma__pdf_pages` (
  `db_name` varchar(64) COLLATE utf8_bin NOT NULL DEFAULT '',
  `page_nr` int(10) UNSIGNED NOT NULL,
  `page_descr` varchar(50) CHARACTER SET utf8 NOT NULL DEFAULT ''
) ENGINE=InnoDB DEFAULT CHARSET=utf8 COLLATE=utf8_bin COMMENT='PDF relation pages for phpMyAdmin';

-- --------------------------------------------------------

--
-- Table structure for table `pma__recent`
--

CREATE TABLE `pma__recent` (
  `username` varchar(64) COLLATE utf8_bin NOT NULL,
  `tables` text COLLATE utf8_bin NOT NULL
) ENGINE=InnoDB DEFAULT CHARSET=utf8 COLLATE=utf8_bin COMMENT='Recently accessed tables';

--
-- Dumping data for table `pma__recent`
--

INSERT INTO `pma__recent` (`username`, `tables`) VALUES
('root', '[{\"db\":\"onlineacc\",\"table\":\"product_group\"},{\"db\":\"onlineacc\",\"table\":\"prodcuct_group\"},{\"db\":\"onlineacc\",\"table\":\"login\"},{\"db\":\"onlineacc\",\"table\":\"branches\"},{\"db\":\"ecommerce\",\"table\":\"brand\"},{\"db\":\"ecommerce\",\"table\":\"signup\"},{\"db\":\"ecommerce\",\"table\":\"pageview\"},{\"db\":\"ecommerce\",\"table\":\"products\"},{\"db\":\"ecommerce\",\"table\":\"subcategory\"},{\"db\":\"ecommerce\",\"table\":\"supplierdetails\"}]');

-- --------------------------------------------------------

--
-- Table structure for table `pma__relation`
--

CREATE TABLE `pma__relation` (
  `master_db` varchar(64) COLLATE utf8_bin NOT NULL DEFAULT '',
  `master_table` varchar(64) COLLATE utf8_bin NOT NULL DEFAULT '',
  `master_field` varchar(64) COLLATE utf8_bin NOT NULL DEFAULT '',
  `foreign_db` varchar(64) COLLATE utf8_bin NOT NULL DEFAULT '',
  `foreign_table` varchar(64) COLLATE utf8_bin NOT NULL DEFAULT '',
  `foreign_field` varchar(64) COLLATE utf8_bin NOT NULL DEFAULT ''
) ENGINE=InnoDB DEFAULT CHARSET=utf8 COLLATE=utf8_bin COMMENT='Relation table';

-- --------------------------------------------------------

--
-- Table structure for table `pma__savedsearches`
--

CREATE TABLE `pma__savedsearches` (
  `id` int(5) UNSIGNED NOT NULL,
  `username` varchar(64) COLLATE utf8_bin NOT NULL DEFAULT '',
  `db_name` varchar(64) COLLATE utf8_bin NOT NULL DEFAULT '',
  `search_name` varchar(64) COLLATE utf8_bin NOT NULL DEFAULT '',
  `search_data` text COLLATE utf8_bin NOT NULL
) ENGINE=InnoDB DEFAULT CHARSET=utf8 COLLATE=utf8_bin COMMENT='Saved searches';

-- --------------------------------------------------------

--
-- Table structure for table `pma__table_coords`
--

CREATE TABLE `pma__table_coords` (
  `db_name` varchar(64) COLLATE utf8_bin NOT NULL DEFAULT '',
  `table_name` varchar(64) COLLATE utf8_bin NOT NULL DEFAULT '',
  `pdf_page_number` int(11) NOT NULL DEFAULT '0',
  `x` float UNSIGNED NOT NULL DEFAULT '0',
  `y` float UNSIGNED NOT NULL DEFAULT '0'
) ENGINE=InnoDB DEFAULT CHARSET=utf8 COLLATE=utf8_bin COMMENT='Table coordinates for phpMyAdmin PDF output';

-- --------------------------------------------------------

--
-- Table structure for table `pma__table_info`
--

CREATE TABLE `pma__table_info` (
  `db_name` varchar(64) COLLATE utf8_bin NOT NULL DEFAULT '',
  `table_name` varchar(64) COLLATE utf8_bin NOT NULL DEFAULT '',
  `display_field` varchar(64) COLLATE utf8_bin NOT NULL DEFAULT ''
) ENGINE=InnoDB DEFAULT CHARSET=utf8 COLLATE=utf8_bin COMMENT='Table information for phpMyAdmin';

-- --------------------------------------------------------

--
-- Table structure for table `pma__table_uiprefs`
--

CREATE TABLE `pma__table_uiprefs` (
  `username` varchar(64) COLLATE utf8_bin NOT NULL,
  `db_name` varchar(64) COLLATE utf8_bin NOT NULL,
  `table_name` varchar(64) COLLATE utf8_bin NOT NULL,
  `prefs` text COLLATE utf8_bin NOT NULL,
  `last_update` timestamp NOT NULL DEFAULT CURRENT_TIMESTAMP ON UPDATE CURRENT_TIMESTAMP
) ENGINE=InnoDB DEFAULT CHARSET=utf8 COLLATE=utf8_bin COMMENT='Tables'' UI preferences';

--
-- Dumping data for table `pma__table_uiprefs`
--

INSERT INTO `pma__table_uiprefs` (`username`, `db_name`, `table_name`, `prefs`, `last_update`) VALUES
('root', 'company', 'shipment', '{\"sorted_col\":\"`shipment`.`QTY`  DESC\"}', '2017-10-30 05:56:44');

-- --------------------------------------------------------

--
-- Table structure for table `pma__tracking`
--

CREATE TABLE `pma__tracking` (
  `db_name` varchar(64) COLLATE utf8_bin NOT NULL,
  `table_name` varchar(64) COLLATE utf8_bin NOT NULL,
  `version` int(10) UNSIGNED NOT NULL,
  `date_created` datetime NOT NULL,
  `date_updated` datetime NOT NULL,
  `schema_snapshot` text COLLATE utf8_bin NOT NULL,
  `schema_sql` text COLLATE utf8_bin,
  `data_sql` longtext COLLATE utf8_bin,
  `tracking` set('UPDATE','REPLACE','INSERT','DELETE','TRUNCATE','CREATE DATABASE','ALTER DATABASE','DROP DATABASE','CREATE TABLE','ALTER TABLE','RENAME TABLE','DROP TABLE','CREATE INDEX','DROP INDEX','CREATE VIEW','ALTER VIEW','DROP VIEW') COLLATE utf8_bin DEFAULT NULL,
  `tracking_active` int(1) UNSIGNED NOT NULL DEFAULT '1'
) ENGINE=InnoDB DEFAULT CHARSET=utf8 COLLATE=utf8_bin COMMENT='Database changes tracking for phpMyAdmin';

-- --------------------------------------------------------

--
-- Table structure for table `pma__userconfig`
--

CREATE TABLE `pma__userconfig` (
  `username` varchar(64) COLLATE utf8_bin NOT NULL,
  `timevalue` timestamp NOT NULL DEFAULT CURRENT_TIMESTAMP ON UPDATE CURRENT_TIMESTAMP,
  `config_data` text COLLATE utf8_bin NOT NULL
) ENGINE=InnoDB DEFAULT CHARSET=utf8 COLLATE=utf8_bin COMMENT='User preferences storage for phpMyAdmin';

--
-- Dumping data for table `pma__userconfig`
--

INSERT INTO `pma__userconfig` (`username`, `timevalue`, `config_data`) VALUES
('root', '2017-10-24 04:45:54', '{\"collation_connection\":\"utf8mb4_unicode_ci\"}');

-- --------------------------------------------------------

--
-- Table structure for table `pma__usergroups`
--

CREATE TABLE `pma__usergroups` (
  `usergroup` varchar(64) COLLATE utf8_bin NOT NULL,
  `tab` varchar(64) COLLATE utf8_bin NOT NULL,
  `allowed` enum('Y','N') COLLATE utf8_bin NOT NULL DEFAULT 'N'
) ENGINE=InnoDB DEFAULT CHARSET=utf8 COLLATE=utf8_bin COMMENT='User groups with configured menu items';

-- --------------------------------------------------------

--
-- Table structure for table `pma__users`
--

CREATE TABLE `pma__users` (
  `username` varchar(64) COLLATE utf8_bin NOT NULL,
  `usergroup` varchar(64) COLLATE utf8_bin NOT NULL
) ENGINE=InnoDB DEFAULT CHARSET=utf8 COLLATE=utf8_bin COMMENT='Users and their assignments to user groups';

--
-- Indexes for dumped tables
--

--
-- Indexes for table `pma__bookmark`
--
ALTER TABLE `pma__bookmark`
  ADD PRIMARY KEY (`id`);

--
-- Indexes for table `pma__central_columns`
--
ALTER TABLE `pma__central_columns`
  ADD PRIMARY KEY (`db_name`,`col_name`);

--
-- Indexes for table `pma__column_info`
--
ALTER TABLE `pma__column_info`
  ADD PRIMARY KEY (`id`),
  ADD UNIQUE KEY `db_name` (`db_name`,`table_name`,`column_name`);

--
-- Indexes for table `pma__designer_settings`
--
ALTER TABLE `pma__designer_settings`
  ADD PRIMARY KEY (`username`);

--
-- Indexes for table `pma__export_templates`
--
ALTER TABLE `pma__export_templates`
  ADD PRIMARY KEY (`id`),
  ADD UNIQUE KEY `u_user_type_template` (`username`,`export_type`,`template_name`);

--
-- Indexes for table `pma__favorite`
--
ALTER TABLE `pma__favorite`
  ADD PRIMARY KEY (`username`);

--
-- Indexes for table `pma__history`
--
ALTER TABLE `pma__history`
  ADD PRIMARY KEY (`id`),
  ADD KEY `username` (`username`,`db`,`table`,`timevalue`);

--
-- Indexes for table `pma__navigationhiding`
--
ALTER TABLE `pma__navigationhiding`
  ADD PRIMARY KEY (`username`,`item_name`,`item_type`,`db_name`,`table_name`);

--
-- Indexes for table `pma__pdf_pages`
--
ALTER TABLE `pma__pdf_pages`
  ADD PRIMARY KEY (`page_nr`),
  ADD KEY `db_name` (`db_name`);

--
-- Indexes for table `pma__recent`
--
ALTER TABLE `pma__recent`
  ADD PRIMARY KEY (`username`);

--
-- Indexes for table `pma__relation`
--
ALTER TABLE `pma__relation`
  ADD PRIMARY KEY (`master_db`,`master_table`,`master_field`),
  ADD KEY `foreign_field` (`foreign_db`,`foreign_table`);

--
-- Indexes for table `pma__savedsearches`
--
ALTER TABLE `pma__savedsearches`
  ADD PRIMARY KEY (`id`),
  ADD UNIQUE KEY `u_savedsearches_username_dbname` (`username`,`db_name`,`search_name`);

--
-- Indexes for table `pma__table_coords`
--
ALTER TABLE `pma__table_coords`
  ADD PRIMARY KEY (`db_name`,`table_name`,`pdf_page_number`);

--
-- Indexes for table `pma__table_info`
--
ALTER TABLE `pma__table_info`
  ADD PRIMARY KEY (`db_name`,`table_name`);

--
-- Indexes for table `pma__table_uiprefs`
--
ALTER TABLE `pma__table_uiprefs`
  ADD PRIMARY KEY (`username`,`db_name`,`table_name`);

--
-- Indexes for table `pma__tracking`
--
ALTER TABLE `pma__tracking`
  ADD PRIMARY KEY (`db_name`,`table_name`,`version`);

--
-- Indexes for table `pma__userconfig`
--
ALTER TABLE `pma__userconfig`
  ADD PRIMARY KEY (`username`);

--
-- Indexes for table `pma__usergroups`
--
ALTER TABLE `pma__usergroups`
  ADD PRIMARY KEY (`usergroup`,`tab`,`allowed`);

--
-- Indexes for table `pma__users`
--
ALTER TABLE `pma__users`
  ADD PRIMARY KEY (`username`,`usergroup`);

--
-- AUTO_INCREMENT for dumped tables
--

--
-- AUTO_INCREMENT for table `pma__bookmark`
--
ALTER TABLE `pma__bookmark`
  MODIFY `id` int(11) NOT NULL AUTO_INCREMENT;
--
-- AUTO_INCREMENT for table `pma__column_info`
--
ALTER TABLE `pma__column_info`
  MODIFY `id` int(5) UNSIGNED NOT NULL AUTO_INCREMENT;
--
-- AUTO_INCREMENT for table `pma__export_templates`
--
ALTER TABLE `pma__export_templates`
  MODIFY `id` int(5) UNSIGNED NOT NULL AUTO_INCREMENT, AUTO_INCREMENT=2;
--
-- AUTO_INCREMENT for table `pma__history`
--
ALTER TABLE `pma__history`
  MODIFY `id` bigint(20) UNSIGNED NOT NULL AUTO_INCREMENT;
--
-- AUTO_INCREMENT for table `pma__pdf_pages`
--
ALTER TABLE `pma__pdf_pages`
  MODIFY `page_nr` int(10) UNSIGNED NOT NULL AUTO_INCREMENT;
--
-- AUTO_INCREMENT for table `pma__savedsearches`
--
ALTER TABLE `pma__savedsearches`
  MODIFY `id` int(5) UNSIGNED NOT NULL AUTO_INCREMENT;--
-- Database: `registration`
--
CREATE DATABASE IF NOT EXISTS `registration` DEFAULT CHARACTER SET latin1 COLLATE latin1_swedish_ci;
USE `registration`;

-- --------------------------------------------------------

--
-- Table structure for table `acc_group`
--

CREATE TABLE `acc_group` (
  `ac_gruopid` int(11) NOT NULL,
  `under` varchar(100) NOT NULL,
  `narration` varchar(200) NOT NULL
) ENGINE=InnoDB DEFAULT CHARSET=latin1;

-- --------------------------------------------------------

--
-- Table structure for table `brand`
--

-- CREATE TABLE `brand` (
--   `brandid` int(11) NOT NULL,
--   `brandname` varchar(50) NOT NULL,
--   `narration` varchar(100) NOT NULL,
--   `branchid` int(11) NOT NULL,
--   `extradate` date NOT NULL
-- ) ENGINE=InnoDB DEFAULT CHARSET=latin1;

-- --------------------------------------------------------

--
-- Table structure for table `prodcuct_group`
--

CREATE TABLE `prodcuct_group` (
  `groupid` int(11) NOT NULL,
  `groupname` varchar(50) NOT NULL,
  `narration` varchar(100) NOT NULL,
  `branchid` int(11) NOT NULL,
  `extradate` date NOT NULL,
  `groupunder` int(11) NOT NULL
) ENGINE=InnoDB DEFAULT CHARSET=latin1;

-- --------------------------------------------------------

--
-- Table structure for table `signup`
--

CREATE TABLE `signup` (
  `userid` int(11) NOT NULL,
  `username` varchar(255) DEFAULT NULL,
  `email` varchar(255) DEFAULT NULL,
  `pswd` varchar(255) DEFAULT NULL,
  `retype_psw` varchar(255) DEFAULT NULL
) ENGINE=InnoDB DEFAULT CHARSET=latin1;

--
-- Dumping data for table `signup`
--

INSERT INTO `signup` (`userid`, `username`, `email`, `pswd`, `retype_psw`) VALUES
(1, '1234', '1234@gmail.com', '123', '123'),
(2, '12345', '12345@gmail.com', '12345', '12345'),
(3, '1234567', '12@gmail.com', '1234', '1234'),
(4, '1234567', '12@gmail.com', '1234', '1234'),
(5, '1234567', '12@gmail.com', '1234', '1234'),
(6, '1234567', '12@gmail.com', '1234', '1234');

-- --------------------------------------------------------

--
-- Table structure for table `unit`
--

CREATE TABLE `unit` (
  `unitid` int(11) NOT NULL,
  `unitname` varchar(50) NOT NULL,
  `narration` varchar(100) NOT NULL,
  `branchid` int(11) NOT NULL,
  `extradate` date NOT NULL
) ENGINE=InnoDB DEFAULT CHARSET=latin1;

--
-- Indexes for dumped tables
--

--
-- Indexes for table `acc_group`
--
ALTER TABLE `acc_group`
  ADD PRIMARY KEY (`ac_gruopid`);

--
-- Indexes for table `brand`
--
ALTER TABLE `brand`
  ADD PRIMARY KEY (`brandid`);

--
-- Indexes for table `prodcuct_group`
--
ALTER TABLE `prodcuct_group`
  ADD PRIMARY KEY (`groupid`);

--
-- Indexes for table `signup`
--
ALTER TABLE `signup`
  ADD PRIMARY KEY (`userid`);

--
-- Indexes for table `unit`
--
ALTER TABLE `unit`
  ADD PRIMARY KEY (`unitid`);

--
-- AUTO_INCREMENT for dumped tables
--

--
-- AUTO_INCREMENT for table `acc_group`
--
ALTER TABLE `acc_group`
  MODIFY `ac_gruopid` int(11) NOT NULL AUTO_INCREMENT;
--
-- AUTO_INCREMENT for table `brand`
--
ALTER TABLE `brand`
  MODIFY `brandid` int(11) NOT NULL AUTO_INCREMENT;
--
-- AUTO_INCREMENT for table `prodcuct_group`
--
ALTER TABLE `prodcuct_group`
  MODIFY `groupid` int(11) NOT NULL AUTO_INCREMENT;
--
-- AUTO_INCREMENT for table `signup`
--
ALTER TABLE `signup`
  MODIFY `userid` int(11) NOT NULL AUTO_INCREMENT, AUTO_INCREMENT=7;
--
-- AUTO_INCREMENT for table `unit`
--
ALTER TABLE `unit`
  MODIFY `unitid` int(11) NOT NULL AUTO_INCREMENT;--
-- Database: `test`
--
CREATE DATABASE IF NOT EXISTS `test` DEFAULT CHARACTER SET latin1 COLLATE latin1_swedish_ci;
USE `test`;

/*!40101 SET CHARACTER_SET_CLIENT=@OLD_CHARACTER_SET_CLIENT */;
/*!40101 SET CHARACTER_SET_RESULTS=@OLD_CHARACTER_SET_RESULTS */;
/*!40101 SET COLLATION_CONNECTION=@OLD_COLLATION_CONNECTION */;
